Episode,Experience,State,Action,Reward,Terminated,Truncated,Return
0,0,"[-0.44679132103919983, -0.0015825206646695733]",0,-1.0,False,False,-86.602
0,1,"[-0.44994479417800903, -0.003153492696583271]",0,-1.0,False,False,-86.4667
0,2,"[-0.4536462128162384, -0.003701413283124566]",1,-1.0,False,False,-86.33
0,3,"[-0.45886844396591187, -0.005222214851528406]",0,-1.0,False,False,-86.1919
0,4,"[-0.46357306838035583, -0.004704647231847048]",2,-1.0,False,False,-86.0524
0,5,"[-0.46972548961639404, -0.0061524105258286]",0,-1.0,False,False,-85.9116
0,6,"[-0.47628018260002136, -0.006554703693836927]",1,-1.0,False,False,-85.7693
0,7,"[-0.48418858647346497, -0.007908402010798454]",0,-1.0,False,False,-85.6255
0,8,"[-0.4913918972015381, -0.007203290238976479]",2,-1.0,False,False,-85.4803
0,9,"[-0.49983635544776917, -0.00844446662813425]",0,-1.0,False,False,-85.3336
0,10,"[-0.5074588656425476, -0.007622533477842808]",2,-1.0,False,False,-85.1855
0,11,"[-0.5152024030685425, -0.007743535563349724]",1,-1.0,False,False,-85.0359
0,12,"[-0.5220088958740234, -0.006806501653045416]",2,-1.0,False,False,-84.8847
0,13,"[-0.529827356338501, -0.007818425074219704]",0,-1.0,False,False,-84.732
0,14,"[-0.5365990400314331, -0.006771713960915804]",2,-1.0,False,False,-84.5778
0,15,"[-0.544273316860199, -0.007674236316233873]",0,-1.0,False,False,-84.422
0,16,"[-0.551792562007904, -0.007519276812672615]",1,-1.0,False,False,-84.2647
0,17,"[-0.5601006746292114, -0.008308075368404388]",0,-1.0,False,False,-84.1057
0,18,"[-0.5681354999542236, -0.008034857921302319]",1,-1.0,False,False,-83.9452
0,19,"[-0.5768373608589172, -0.008701825514435768]",0,-1.0,False,False,-83.783
0,20,"[-0.5861415863037109, -0.009304231964051723]",0,-1.0,False,False,-83.6192
0,21,"[-0.5939794778823853, -0.00783790834248066]",2,-1.0,False,False,-83.4537
0,22,"[-0.6012934446334839, -0.0073139662854373455]",1,-1.0,False,False,-83.2866
0,23,"[-0.6080299615859985, -0.00673651834949851]",1,-1.0,False,False,-83.1178
0,24,"[-0.614139974117279, -0.006110033951699734]",1,-1.0,False,False,-82.9473
0,25,"[-0.6205793023109436, -0.006439294200390577]",0,-1.0,False,False,-82.775
0,26,"[-0.6253014206886292, -0.004722158424556255]",2,-1.0,False,False,-82.601
0,27,"[-0.6282725930213928, -0.0029711679089814425]",2,-1.0,False,False,-82.4253
0,28,"[-0.6304715871810913, -0.0021989529486745596]",1,-1.0,False,False,-82.2477
0,29,"[-0.6328826546669006, -0.0024110691156238317]",0,-1.0,False,False,-82.0684
0,30,"[-0.6354886889457703, -0.0026060447562485933]",0,-1.0,False,False,-81.8873
0,31,"[-0.6372712254524231, -0.0017825406976044178]",1,-1.0,False,False,-81.7043
0,32,"[-0.6382176280021667, -0.0009464257163926959]",1,-1.0,False,False,-81.5195
0,33,"[-0.6383212804794312, -0.00010362458124291152]",1,-1.0,False,False,-81.3329
0,34,"[-0.6365813612937927, 0.0017399081261828542]",2,-1.0,False,False,-81.1443
0,35,"[-0.6340101957321167, 0.002571145538240671]",1,-1.0,False,False,-80.9539
0,36,"[-0.6296260356903076, 0.004384171683341265]",2,-1.0,False,False,-80.7615
0,37,"[-0.624459981918335, 0.005166034679859877]",1,-1.0,False,False,-80.5671
0,38,"[-0.6185489892959595, 0.005911003332585096]",1,-1.0,False,False,-80.3708
0,39,"[-0.612935483455658, 0.0056135389022529125]",0,-1.0,False,False,-80.1726
0,40,"[-0.6066598892211914, 0.006275571417063475]",1,-1.0,False,False,-79.9723
0,41,"[-0.5987678170204163, 0.007892102934420109]",2,-1.0,False,False,-79.77
0,42,"[-0.5913166999816895, 0.007451104465872049]",0,-1.0,False,False,-79.5657
0,43,"[-0.5833612084388733, 0.007955502718687057]",1,-1.0,False,False,-79.3592
0,44,"[-0.5749598741531372, 0.008401323109865189]",1,-1.0,False,False,-79.1508
0,45,"[-0.5661748647689819, 0.008785009384155273]",1,-1.0,False,False,-78.9402
0,46,"[-0.5570713877677917, 0.009103462100028992]",1,-1.0,False,False,-78.7274
0,47,"[-0.5487173199653625, 0.008354085497558117]",0,-1.0,False,False,-78.5126
0,48,"[-0.5411750078201294, 0.0075422958470880985]",0,-1.0,False,False,-78.2955
0,49,"[-0.5335009694099426, 0.007674056570976973]",1,-1.0,False,False,-78.0763
0,50,"[-0.5257526636123657, 0.007748311851173639]",1,-1.0,False,False,-77.8548
0,51,"[-0.5169881582260132, 0.008764466270804405]",2,-1.0,False,False,-77.6311
0,52,"[-0.5092732906341553, 0.007714889477938414]",0,-1.0,False,False,-77.4052
0,53,"[-0.5016658306121826, 0.007607481442391872]",1,-1.0,False,False,-77.177
0,54,"[-0.4942227005958557, 0.0074431030079722404]",1,-1.0,False,False,-76.9464
0,55,"[-0.48799964785575867, 0.00622306764125824]",0,-1.0,False,False,-76.7136
0,56,"[-0.4810430407524109, 0.006956581026315689]",2,-1.0,False,False,-76.4783
0,57,"[-0.4754047691822052, 0.005638279486447573]",0,-1.0,False,False,-76.2407
0,58,"[-0.4701266884803772, 0.005278082564473152]",1,-1.0,False,False,-76.0008
0,59,"[-0.4642479419708252, 0.005878759548068047]",2,-1.0,False,False,-75.7583
0,60,"[-0.4588119685649872, 0.005435976665467024]",1,-1.0,False,False,-75.5135
0,61,"[-0.45485883951187134, 0.003953129053115845]",0,-1.0,False,False,-75.2661
0,62,"[-0.4504176080226898, 0.0044412254355847836]",2,-1.0,False,False,-75.0163
0,63,"[-0.4465208351612091, 0.003896765410900116]",1,-1.0,False,False,-74.7639
0,64,"[-0.44319701194763184, 0.0033238185569643974]",1,-1.0,False,False,-74.509
0,65,"[-0.4394703805446625, 0.003726635593920946]",2,-1.0,False,False,-74.2515
0,66,"[-0.43636801838874817, 0.0031023500487208366]",1,-1.0,False,False,-73.9915
0,67,"[-0.43491247296333313, 0.0014555611414834857]",0,-1.0,False,False,-73.7287
0,68,"[-0.4351142346858978, -0.00020176653924863786]",0,-1.0,False,False,-73.4634
0,69,"[-0.4359718859195709, -0.0008576340624131262]",1,-1.0,False,False,-73.1953
0,70,"[-0.4364791512489319, -0.0005072925123386085]",2,-1.0,False,False,-72.9246
0,71,"[-0.4366324543952942, -0.0001532762253191322]",2,-1.0,False,False,-72.6511
0,72,"[-0.4384305775165558, -0.0017981493147090077]",0,-1.0,False,False,-72.3748
0,73,"[-0.4418605864048004, -0.003429983276873827]",0,-1.0,False,False,-72.0958
0,74,"[-0.4458974599838257, -0.004036894533783197]",1,-1.0,False,False,-71.8139
0,75,"[-0.449511855840683, -0.0036143912002444267]",2,-1.0,False,False,-71.5292
0,76,"[-0.45267733931541443, -0.003165479516610503]",2,-1.0,False,False,-71.2416
0,77,"[-0.45737072825431824, -0.004693386144936085]",0,-1.0,False,False,-70.9512
0,78,"[-0.4625575542449951, -0.005186834838241339]",1,-1.0,False,False,-70.6577
0,79,"[-0.4671996533870697, -0.004642089828848839]",2,-1.0,False,False,-70.3613
0,80,"[-0.4722627103328705, -0.005063067656010389]",1,-1.0,False,False,-70.062
0,81,"[-0.4777092933654785, -0.005446568131446838]",1,-1.0,False,False,-69.7596
0,82,"[-0.4844989478588104, -0.006789653096348047]",0,-1.0,False,False,-69.4541
0,83,"[-0.49258115887641907, -0.008082229644060135]",0,-1.0,False,False,-69.1456
0,84,"[-0.5018956661224365, -0.009314526803791523]",0,-1.0,False,False,-68.8339
0,85,"[-0.5103728771209717, -0.008477184921503067]",2,-1.0,False,False,-68.5191
0,86,"[-0.5199492573738098, -0.009576352313160896]",0,-1.0,False,False,-68.2011
0,87,"[-0.5295529365539551, -0.009603723883628845]",1,-1.0,False,False,-67.8799
0,88,"[-0.5391120314598083, -0.009559069760143757]",1,-1.0,False,False,-67.5554
0,89,"[-0.5485547780990601, -0.009442762471735477]",1,-1.0,False,False,-67.2277
0,90,"[-0.5588105320930481, -0.010255767032504082]",0,-1.0,False,False,-66.8967
0,91,"[-0.5678027272224426, -0.008992169983685017]",2,-1.0,False,False,-66.5623
0,92,"[-0.5774643421173096, -0.009661611169576645]",0,-1.0,False,False,-66.2246
0,93,"[-0.5857236981391907, -0.00825937557965517]",2,-1.0,False,False,-65.8834
0,94,"[-0.5935198664665222, -0.007796131074428558]",1,-1.0,False,False,-65.5388
0,95,"[-0.599795401096344, -0.006275560241192579]",2,-1.0,False,False,-65.1907
0,96,"[-0.6055044531822205, -0.005709049291908741]",1,-1.0,False,False,-64.8391
0,97,"[-0.6116053462028503, -0.006100919563323259]",0,-1.0,False,False,-64.4839
0,98,"[-0.6160538792610168, -0.004448511637747288]",2,-1.0,False,False,-64.1252
0,99,"[-0.619817852973938, -0.003763955319300294]",1,-1.0,False,False,-63.7628
0,100,"[-0.6218701004981995, -0.002052292227745056]",2,-1.0,False,False,-63.3968
0,101,"[-0.6241959929466248, -0.0023258873261511326]",0,-1.0,False,False,-63.027
0,102,"[-0.6247788071632385, -0.0005828088033013046]",2,-1.0,False,False,-62.6536
0,103,"[-0.6236143708229065, 0.0011644421610981226]",2,-1.0,False,False,-62.2763
0,104,"[-0.6207110285758972, 0.002903354587033391]",2,-1.0,False,False,-61.8953
0,105,"[-0.6160895824432373, 0.004621436819434166]",2,-1.0,False,False,-61.5104
0,106,"[-0.6097833514213562, 0.006306251045316458]",2,-1.0,False,False,-61.1216
0,107,"[-0.6018378734588623, 0.007945457473397255]",2,-1.0,False,False,-60.7289
0,108,"[-0.5933110117912292, 0.008526877500116825]",1,-1.0,False,False,-60.3322
0,109,"[-0.5852651000022888, 0.008045916445553303]",0,-1.0,False,False,-59.9315
0,110,"[-0.577759325504303, 0.0075057800859212875]",0,-1.0,False,False,-59.5268
0,111,"[-0.5708491206169128, 0.006910199299454689]",0,-1.0,False,False,-59.118
0,112,"[-0.5645857453346252, 0.006263391114771366]",0,-1.0,False,False,-58.705
0,113,"[-0.5580157041549683, 0.006570019293576479]",1,-1.0,False,False,-58.2879
0,114,"[-0.5521880388259888, 0.005827687680721283]",0,-1.0,False,False,-57.8666
0,115,"[-0.5471461415290833, 0.0050418442115187645]",0,-1.0,False,False,-57.441
0,116,"[-0.5419278740882874, 0.005218302831053734]",1,-1.0,False,False,-57.0111
0,117,"[-0.5355721712112427, 0.006355701480060816]",2,-1.0,False,False,-56.5769
0,118,"[-0.530126690864563, 0.005445482674986124]",0,-1.0,False,False,-56.1382
0,119,"[-0.5246322154998779, 0.005494439043104649]",1,-1.0,False,False,-55.6952
0,120,"[-0.5191300511360168, 0.005502189975231886]",1,-1.0,False,False,-55.2477
0,121,"[-0.5146613717079163, 0.0044686757028102875]",0,-1.0,False,False,-54.7956
0,122,"[-0.5092597007751465, 0.005401653237640858]",2,-1.0,False,False,-54.339
0,123,"[-0.5039655566215515, 0.005294143222272396]",1,-1.0,False,False,-53.8778
0,124,"[-0.49881860613822937, 0.005146979354321957]",1,-1.0,False,False,-53.4119
0,125,"[-0.4948573112487793, 0.003961299546062946]",0,-1.0,False,False,-52.9413
0,126,"[-0.4901112914085388, 0.004746005404740572]",2,-1.0,False,False,-52.466
0,127,"[-0.4846160113811493, 0.005495271645486355]",2,-1.0,False,False,-51.9859
0,128,"[-0.4784124493598938, 0.006203566677868366]",2,-1.0,False,False,-51.5009
0,129,"[-0.47354674339294434, 0.00486570643261075]",0,-1.0,False,False,-51.011
0,130,"[-0.4700550138950348, 0.00349172530695796]",0,-1.0,False,False,-50.5161
0,131,"[-0.46796315908432007, 0.002091872040182352]",0,-1.0,False,False,-50.0163
0,132,"[-0.467286616563797, 0.0006765394937247038]",0,-1.0,False,False,-49.5114
0,133,"[-0.46703040599823, 0.00025620433734729886]",1,-1.0,False,False,-49.0014
0,134,"[-0.46719643473625183, -0.00016602488176431507]",1,-1.0,False,False,-48.4863
0,135,"[-0.4687834680080414, -0.0015870267525315285]",0,-1.0,False,False,-47.9659
0,136,"[-0.46977975964546204, -0.000996291171759367]",2,-1.0,False,False,-47.4404
0,137,"[-0.4721779227256775, -0.0023981824051588774]",0,-1.0,False,False,-46.9094
0,138,"[-0.47596025466918945, -0.003782310988754034]",0,-1.0,False,False,-46.3732
0,139,"[-0.48109862208366394, -0.005138384643942118]",0,-1.0,False,False,-45.8315
0,140,"[-0.486554890871048, -0.005456272978335619]",1,-1.0,False,False,-45.2843
0,141,"[-0.491288423538208, -0.004733530338853598]",2,-1.0,False,False,-44.7317
0,142,"[-0.49726390838623047, -0.005975478794425726]",0,-1.0,False,False,-44.1734
0,143,"[-0.5024366974830627, -0.00517278490588069]",2,-1.0,False,False,-43.6095
0,144,"[-0.5077680945396423, -0.005331393796950579]",1,-1.0,False,False,-43.0399
0,145,"[-0.5132181644439697, -0.005450079217553139]",1,-1.0,False,False,-42.4645
0,146,"[-0.5187460780143738, -0.00552792102098465]",1,-1.0,False,False,-41.8834
0,147,"[-0.5233104228973389, -0.0045643150806427]",2,-1.0,False,False,-41.2963
0,148,"[-0.5278769135475159, -0.004566477611660957]",1,-1.0,False,False,-40.7034
0,149,"[-0.5324112772941589, -0.004534393083304167]",1,-1.0,False,False,-40.1044
0,150,"[-0.5368795990943909, -0.00446830689907074]",1,-1.0,False,False,-39.4994
0,151,"[-0.5422483086585999, -0.005368727259337902]",0,-1.0,False,False,-38.8883
0,152,"[-0.5484772324562073, -0.006228928454220295]",0,-1.0,False,False,-38.271
0,153,"[-0.5555197596549988, -0.007042513228952885]",0,-1.0,False,False,-37.6475
0,154,"[-0.5613232254981995, -0.005803471431136131]",2,-1.0,False,False,-37.0176
0,155,"[-0.5658443570137024, -0.0045211417600512505]",2,-1.0,False,False,-36.3815
0,156,"[-0.5690495371818542, -0.0032051473390311003]",2,-1.0,False,False,-35.7388
0,157,"[-0.5729148387908936, -0.003865322098135948]",0,-1.0,False,False,-35.0897
0,158,"[-0.5774116516113281, -0.004496799316257238]",0,-1.0,False,False,-34.4341
0,159,"[-0.581506609916687, -0.004094953648746014]",1,-1.0,False,False,-33.7718
0,160,"[-0.586169421672821, -0.004662826657295227]",0,-1.0,False,False,-33.1028
0,161,"[-0.5913656949996948, -0.005196297541260719]",0,-1.0,False,False,-32.4271
0,162,"[-0.5960572361946106, -0.004691539332270622]",1,-1.0,False,False,-31.7445
0,163,"[-0.600209653377533, -0.0041523706167936325]",1,-1.0,False,False,-31.0551
0,164,"[-0.6037924885749817, -0.0035828344989567995]",1,-1.0,False,False,-30.3587
0,165,"[-0.6057796478271484, -0.0019871669355779886]",2,-1.0,False,False,-29.6552
0,166,"[-0.6061566472053528, -0.0003770356415770948]",2,-1.0,False,False,-28.9447
0,167,"[-0.6049208045005798, 0.0012358375824987888]",2,-1.0,False,False,-28.2269
0,168,"[-0.6040810942649841, 0.0008397205965593457]",0,-1.0,False,False,-27.502
0,169,"[-0.6036435961723328, 0.0004374902928248048]",0,-1.0,False,False,-26.7697
0,170,"[-0.6036115288734436, 3.207351255696267e-05]",0,-1.0,False,False,-26.03
0,171,"[-0.6019850969314575, 0.0016264230944216251]",2,-1.0,False,False,-25.2828
0,172,"[-0.5987762212753296, 0.0032089170999825]",2,-1.0,False,False,-24.5281
0,173,"[-0.5960082411766052, 0.0027679800987243652]",0,-1.0,False,False,-23.7657
0,174,"[-0.5937014222145081, 0.0023067898582667112]",0,-1.0,False,False,-22.9957
0,175,"[-0.5908727645874023, 0.0028286927845329046]",1,-1.0,False,False,-22.2179
0,176,"[-0.5865429043769836, 0.0043298290111124516]",2,-1.0,False,False,-21.4322
0,177,"[-0.5827438235282898, 0.003799109486863017]",0,-1.0,False,False,-20.6386
0,178,"[-0.5775034427642822, 0.0052403733134269714]",2,-1.0,False,False,-19.8369
0,179,"[-0.5728605389595032, 0.004642898216843605]",0,-1.0,False,False,-19.0272
0,180,"[-0.568849503993988, 0.004011018201708794]",0,-1.0,False,False,-18.2093
0,181,"[-0.5645001530647278, 0.004349356982856989]",1,-1.0,False,False,-17.3831
0,182,"[-0.5598447918891907, 0.004655348137021065]",1,-1.0,False,False,-16.5486
0,183,"[-0.5539181232452393, 0.005926657933741808]",2,-1.0,False,False,-15.7057
0,184,"[-0.5477644205093384, 0.0061537399888038635]",1,-1.0,False,False,-14.8542
0,185,"[-0.5414295792579651, 0.006334823556244373]",1,-1.0,False,False,-13.9942
0,186,"[-0.5339611172676086, 0.007468490861356258]",2,-1.0,False,False,-13.1254
0,187,"[-0.5264148712158203, 0.007546195760369301]",1,-1.0,False,False,-12.2479
0,188,"[-0.5188475847244263, 0.007567316293716431]",1,-1.0,False,False,-11.3615
0,189,"[-0.5123158693313599, 0.006531683262437582]",0,-1.0,False,False,-10.4662
0,190,"[-0.5058687925338745, 0.0064470781944692135]",1,-1.0,False,False,-9.5618
0,191,"[-0.5005546808242798, 0.005314166191965342]",0,-1.0,False,False,-8.6483
0,192,"[-0.4964131712913513, 0.0041414727456867695]",0,-1.0,False,False,-7.7255
0,193,"[-0.49347537755966187, 0.0029378067702054977]",0,-1.0,False,False,-6.7935
0,194,"[-0.49076318740844727, 0.002712188521400094]",1,-1.0,False,False,-5.852
0,195,"[-0.4892968535423279, 0.0014663197798654437]",0,-1.0,False,False,-4.901
0,196,"[-0.4870873689651489, 0.0022095092572271824]",2,-1.0,False,False,-3.9404
0,197,"[-0.4861511290073395, 0.0009362208074890077]",0,-1.0,False,False,-2.9701
0,198,"[-0.4844951927661896, 0.00165595393627882]",2,-1.0,False,False,-1.99
0,199,"[-0.4831318259239197, 0.0013633491471409798]",1,-1.0,False,True,-1.0
1,200,"[-0.5133095979690552, -0.0010852919658645988]",0,-1.0,False,False,-86.602
1,201,"[-0.5144720673561096, -0.0011624484322965145]",1,-1.0,False,False,-86.4667
1,202,"[-0.5147029161453247, -0.00023089032038114965]",2,-1.0,False,False,-86.33
1,203,"[-0.5160005688667297, -0.00129760114941746]",0,-1.0,False,False,-86.1919
1,204,"[-0.5173551440238953, -0.0013545829569920897]",1,-1.0,False,False,-86.0524
1,205,"[-0.5177565217018127, -0.00040140759665519]",2,-1.0,False,False,-85.9116
1,206,"[-0.5172017812728882, 0.0005547778564505279]",2,-1.0,False,False,-85.7693
1,207,"[-0.5156949758529663, 0.0015068032080307603]",2,-1.0,False,False,-85.6255
1,208,"[-0.5142474174499512, 0.001447529997676611]",1,-1.0,False,False,-85.4803
1,209,"[-0.5118700265884399, 0.0023774041328579187]",2,-1.0,False,False,-85.3336
1,210,"[-0.5085805654525757, 0.0032894564792513847]",2,-1.0,False,False,-85.1855
1,211,"[-0.5064036846160889, 0.0021768580190837383]",0,-1.0,False,False,-85.0359
1,212,"[-0.5043557286262512, 0.002047952264547348]",1,-1.0,False,False,-84.8847
1,213,"[-0.5014520287513733, 0.002903709653764963]",2,-1.0,False,False,-84.732
1,214,"[-0.4977143108844757, 0.003737731371074915]",2,-1.0,False,False,-84.5778
1,215,"[-0.49317052960395813, 0.004543792922049761]",2,-1.0,False,False,-84.422
1,216,"[-0.48785462975502014, 0.005315897986292839]",2,-1.0,False,False,-84.2647
1,217,"[-0.48180627822875977, 0.00604833010584116]",2,-1.0,False,False,-84.1057
1,218,"[-0.47707056999206543, 0.004735706839710474]",0,-1.0,False,False,-83.9452
1,219,"[-0.47168269753456116, 0.005387877579778433]",2,-1.0,False,False,-83.783
1,220,"[-0.46568262577056885, 0.006000079680234194]",2,-1.0,False,False,-83.6192
1,221,"[-0.4601147472858429, 0.005567890591919422]",1,-1.0,False,False,-83.4537
1,222,"[-0.4560201168060303, 0.004094633273780346]",0,-1.0,False,False,-83.2866
1,223,"[-0.45342883467674255, 0.0025912581477314234]",0,-1.0,False,False,-83.1178
1,224,"[-0.450359970331192, 0.0030688620172441006]",2,-1.0,False,False,-82.9473
1,225,"[-0.44883599877357483, 0.001523979939520359]",0,-1.0,False,False,-82.775
1,226,"[-0.44686806201934814, 0.001967948628589511]",2,-1.0,False,False,-82.601
1,227,"[-0.44447052478790283, 0.002397536998614669]",2,-1.0,False,False,-82.4253
1,228,"[-0.4426608979701996, 0.0018096331041306257]",1,-1.0,False,False,-82.2477
1,229,"[-0.4414523243904114, 0.0012085463386029005]",1,-1.0,False,False,-82.0684
1,230,"[-0.4398536682128906, 0.0015986653743311763]",2,-1.0,False,False,-81.8873
1,231,"[-0.43887650966644287, 0.0009771636687219143]",1,-1.0,False,False,-81.7043
1,232,"[-0.43752795457839966, 0.0013485659146681428]",2,-1.0,False,False,-81.5195
1,233,"[-0.43581774830818176, 0.0017101841513067484]",2,-1.0,False,False,-81.3329
1,234,"[-0.43375834822654724, 0.0020594096276909113]",2,-1.0,False,False,-81.1443
1,235,"[-0.43136462569236755, 0.0023937346413731575]",2,-1.0,False,False,-80.9539
1,236,"[-0.4286538362503052, 0.002710771979764104]",2,-1.0,False,False,-80.7615
1,237,"[-0.42764556407928467, 0.0010082746157422662]",0,-1.0,False,False,-80.5671
1,238,"[-0.42834705114364624, -0.0007014767616055906]",0,-1.0,False,False,-80.3708
1,239,"[-0.42975321412086487, -0.0014061820693314075]",1,-1.0,False,False,-80.1726
1,240,"[-0.4318539798259735, -0.0021007624454796314]",1,-1.0,False,False,-79.9723
1,241,"[-0.43563419580459595, -0.0037801936268806458]",0,-1.0,False,False,-79.77
1,242,"[-0.43906646966934204, -0.003432297380641103]",2,-1.0,False,False,-79.5657
1,243,"[-0.4441259801387787, -0.005059516057372093]",0,-1.0,False,False,-79.3592
1,244,"[-0.44877591729164124, -0.004649931099265814]",2,-1.0,False,False,-79.1508
1,245,"[-0.45498234033584595, -0.006206401623785496]",0,-1.0,False,False,-78.9402
1,246,"[-0.4626997113227844, -0.00771739799529314]",0,-1.0,False,False,-78.7274
1,247,"[-0.4718713164329529, -0.009171604178845882]",0,-1.0,False,False,-78.5126
1,248,"[-0.4804293215274811, -0.008558005094528198]",2,-1.0,False,False,-78.2955
1,249,"[-0.48931020498275757, -0.00888087134808302]",1,-1.0,False,False,-78.0763
1,250,"[-0.4984477758407593, -0.009137582965195179]",1,-1.0,False,False,-77.8548
1,251,"[-0.5087738037109375, -0.010326036252081394]",0,-1.0,False,False,-77.6311
1,252,"[-0.5192109942436218, -0.010437186807394028]",1,-1.0,False,False,-77.4052
1,253,"[-0.5306811332702637, -0.01147009339183569]",0,-1.0,False,False,-77.177
1,254,"[-0.5430980920791626, -0.012416980229318142]",0,-1.0,False,False,-76.9464
1,255,"[-0.5553689002990723, -0.012270818464457989]",1,-1.0,False,False,-76.7136
1,256,"[-0.5674018263816833, -0.012032903730869293]",1,-1.0,False,False,-76.4783
1,257,"[-0.5801071524620056, -0.012705325148999691]",0,-1.0,False,False,-76.2407
1,258,"[-0.5913906693458557, -0.011283540166914463]",2,-1.0,False,False,-76.0008
1,259,"[-0.6021692752838135, -0.010778598487377167]",1,-1.0,False,False,-75.7583
1,260,"[-0.613364040851593, -0.011194760911166668]",0,-1.0,False,False,-75.5135
1,261,"[-0.6248936653137207, -0.011529629118740559]",0,-1.0,False,False,-75.2661
1,262,"[-0.6346752047538757, -0.009781557135283947]",2,-1.0,False,False,-75.0163
1,263,"[-0.6436390280723572, -0.008963815867900848]",1,-1.0,False,False,-74.7639
1,264,"[-0.6517218947410583, -0.008082847110927105]",1,-1.0,False,False,-74.509
1,265,"[-0.6578673124313354, -0.006145411171019077]",2,-1.0,False,False,-74.2515
1,266,"[-0.6630327105522156, -0.005165408831089735]",1,-1.0,False,False,-73.9915
1,267,"[-0.6681826114654541, -0.0051498860120773315]",0,-1.0,False,False,-73.7287
1,268,"[-0.6732817888259888, -0.005099191330373287]",0,-1.0,False,False,-73.4634
1,269,"[-0.6782956719398499, -0.005013918969780207]",0,-1.0,False,False,-73.1953
1,270,"[-0.6821905970573425, -0.003894893918186426]",1,-1.0,False,False,-72.9246
1,271,"[-0.6849403977394104, -0.00274982419796288]",1,-1.0,False,False,-72.6511
1,272,"[-0.6875268816947937, -0.0025864604394882917]",0,-1.0,False,False,-72.3748
1,273,"[-0.6879328489303589, -0.0004059616767335683]",2,-1.0,False,False,-72.0958
1,274,"[-0.6881555914878845, -0.00022277995594777167]",0,-1.0,False,False,-71.8139
1,275,"[-0.687193751335144, 0.0009618733893148601]",1,-1.0,False,False,-71.5292
1,276,"[-0.6860535740852356, 0.0011401691008359194]",0,-1.0,False,False,-71.2416
1,277,"[-0.6847426891326904, 0.0013109160354360938]",0,-1.0,False,False,-70.9512
1,278,"[-0.6812697052955627, 0.003472966840490699]",2,-1.0,False,False,-70.6577
1,279,"[-0.6776577830314636, 0.003611892694607377]",0,-1.0,False,False,-70.3613
1,280,"[-0.6739311814308167, 0.0037266372237354517]",0,-1.0,False,False,-70.062
1,281,"[-0.669114887714386, 0.004816295113414526]",1,-1.0,False,False,-69.7596
1,282,"[-0.6632415652275085, 0.005873329937458038]",1,-1.0,False,False,-69.4541
1,283,"[-0.6573512554168701, 0.005890284199267626]",0,-1.0,False,False,-69.1456
1,284,"[-0.6514845490455627, 0.005866724997758865]",0,-1.0,False,False,-68.8339
1,285,"[-0.6456820368766785, 0.005802510771900415]",0,-1.0,False,False,-68.5191
1,286,"[-0.6399841904640198, 0.00569780170917511]",0,-1.0,False,False,-68.2011
1,287,"[-0.632431149482727, 0.007553064730018377]",2,-1.0,False,False,-67.8799
1,288,"[-0.624076247215271, 0.008354882709681988]",1,-1.0,False,False,-67.5554
1,289,"[-0.6159791946411133, 0.008097103796899319]",0,-1.0,False,False,-67.2277
1,290,"[-0.6081980466842651, 0.007781120948493481]",0,-1.0,False,False,-66.8967
1,291,"[-0.5997892022132874, 0.008408825844526291]",1,-1.0,False,False,-66.5623
1,292,"[-0.5898139476776123, 0.009975291788578033]",2,-1.0,False,False,-66.2246
1,293,"[-0.5803452730178833, 0.00946864578872919]",0,-1.0,False,False,-65.8834
1,294,"[-0.5704531073570251, 0.009892191737890244]",1,-1.0,False,False,-65.5388
1,295,"[-0.560210645198822, 0.010242442600429058]",1,-1.0,False,False,-65.1907
1,296,"[-0.5506941676139832, 0.009516480378806591]",0,-1.0,False,False,-64.8391
1,297,"[-0.5409746766090393, 0.00971947144716978]",1,-1.0,False,False,-64.4839
1,298,"[-0.5311249494552612, 0.00984973181039095]",1,-1.0,False,False,-64.1252
1,299,"[-0.5202187895774841, 0.010906173847615719]",2,-1.0,False,False,-63.7628
1,300,"[-0.5093379616737366, 0.01088082417845726]",1,-1.0,False,False,-63.3968
1,301,"[-0.49856406450271606, 0.010773900896310806]",1,-1.0,False,False,-63.027
1,302,"[-0.4889777600765228, 0.009586317464709282]",0,-1.0,False,False,-62.6536
1,303,"[-0.479650616645813, 0.009327125735580921]",1,-1.0,False,False,-62.2763
1,304,"[-0.47165215015411377, 0.007998469285666943]",0,-1.0,False,False,-61.8953
1,305,"[-0.4650416970252991, 0.006610444281250238]",0,-1.0,False,False,-61.5104
1,306,"[-0.4588681757450104, 0.006173521745949984]",1,-1.0,False,False,-61.1216
1,307,"[-0.4541771113872528, 0.004691087640821934]",0,-1.0,False,False,-60.7289
1,308,"[-0.45100292563438416, 0.0031741808634251356]",0,-1.0,False,False,-60.3322
1,309,"[-0.4493689239025116, 0.0016340059228241444]",0,-1.0,False,False,-59.9315
1,310,"[-0.4482870399951935, 0.001081871916539967]",1,-1.0,False,False,-59.5268
1,311,"[-0.44776520133018494, 0.000521827198099345]",1,-1.0,False,False,-59.118
1,312,"[-0.4488072395324707, -0.0010420311009511352]",0,-1.0,False,False,-58.705
1,313,"[-0.4494055211544037, -0.0005982728325761855]",2,-1.0,False,False,-58.2879
1,314,"[-0.4495556652545929, -0.0001501390361227095]",2,-1.0,False,False,-57.8666
1,315,"[-0.45125657320022583, -0.0017009068978950381]",0,-1.0,False,False,-57.441
1,316,"[-0.4524957835674286, -0.001239224337041378]",2,-1.0,False,False,-57.0111
1,317,"[-0.45526424050331116, -0.002768461825326085]",0,-1.0,False,False,-56.5769
1,318,"[-0.45754164457321167, -0.0022773887030780315]",2,-1.0,False,False,-56.1382
1,319,"[-0.4613112211227417, -0.003769580740481615]",0,-1.0,False,False,-55.6952
1,320,"[-0.46454524993896484, -0.0032340234611183405]",2,-1.0,False,False,-55.2477
1,321,"[-0.4692198634147644, -0.004674611613154411]",0,-1.0,False,False,-54.7956
1,322,"[-0.4733004868030548, -0.004080647137016058]",2,-1.0,False,False,-54.339
1,323,"[-0.47775694727897644, -0.004456454422324896]",1,-1.0,False,False,-53.8778
1,324,"[-0.48255613446235657, -0.004799185320734978]",1,-1.0,False,False,-53.4119
1,325,"[-0.4876623749732971, -0.0051062279380857944]",1,-1.0,False,False,-52.9413
1,326,"[-0.493037611246109, -0.005375228822231293]",1,-1.0,False,False,-52.466
1,327,"[-0.4996417164802551, -0.006604116875678301]",0,-1.0,False,False,-51.9859
1,328,"[-0.5074253678321838, -0.0077836401760578156]",0,-1.0,False,False,-51.5009
1,329,"[-0.5153302550315857, -0.007904893718659878]",1,-1.0,False,False,-51.011
1,330,"[-0.5242971181869507, -0.008966900408267975]",0,-1.0,False,False,-50.5161
1,331,"[-0.5342587828636169, -0.00996166281402111]",0,-1.0,False,False,-50.0163
1,332,"[-0.5451405644416809, -0.010881726630032063]",0,-1.0,False,False,-49.5114
1,333,"[-0.5548608303070068, -0.009720276109874249]",2,-1.0,False,False,-49.0014
1,334,"[-0.5633469820022583, -0.008486153557896614]",2,-1.0,False,False,-48.4863
1,335,"[-0.5725356936454773, -0.009188748896121979]",0,-1.0,False,False,-47.9659
1,336,"[-0.5803587436676025, -0.007823038846254349]",2,-1.0,False,False,-47.4404
1,337,"[-0.5887581706047058, -0.00839939247816801]",0,-1.0,False,False,-46.9094
1,338,"[-0.5956719517707825, -0.006913803983479738]",2,-1.0,False,False,-46.3732
1,339,"[-0.6030493974685669, -0.0073774573393166065]",0,-1.0,False,False,-45.8315
1,340,"[-0.6098366379737854, -0.0067872037179768085]",1,-1.0,False,False,-45.2843
1,341,"[-0.6159842014312744, -0.006147610954940319]",1,-1.0,False,False,-44.7317
1,342,"[-0.6224477887153625, -0.00646355701610446]",0,-1.0,False,False,-44.1734
1,343,"[-0.6291807889938354, -0.006733007729053497]",0,-1.0,False,False,-43.6095
1,344,"[-0.6351351141929626, -0.005954317282885313]",1,-1.0,False,False,-43.0399
1,345,"[-0.6412684321403503, -0.006133317481726408]",0,-1.0,False,False,-42.4645
1,346,"[-0.6465374231338501, -0.005269010551273823]",1,-1.0,False,False,-41.8834
1,347,"[-0.650905191898346, -0.00436773244291544]",1,-1.0,False,False,-41.2963
1,348,"[-0.6543411612510681, -0.003435977501794696]",1,-1.0,False,False,-40.7034
1,349,"[-0.6568214893341064, -0.002480359049513936]",1,-1.0,False,False,-40.1044
1,350,"[-0.6593290567398071, -0.0025075774174183607]",0,-1.0,False,False,-39.4994
1,351,"[-0.6608465909957886, -0.0015174986328929663]",1,-1.0,False,False,-38.8883
1,352,"[-0.6623635292053223, -0.00151697953697294]",0,-1.0,False,False,-38.271
1,353,"[-0.6638696193695068, -0.0015060444129630923]",0,-1.0,False,False,-37.6475
1,354,"[-0.6633543968200684, 0.0005152110825292766]",2,-1.0,False,False,-37.0176
1,355,"[-0.6618214249610901, 0.0015329383313655853]",1,-1.0,False,False,-36.3815
1,356,"[-0.659281313419342, 0.0025401536840945482]",1,-1.0,False,False,-35.7388
1,357,"[-0.6567513942718506, 0.0025299033150076866]",0,-1.0,False,False,-35.0897
1,358,"[-0.6522492170333862, 0.004502200521528721]",2,-1.0,False,False,-34.4341
1,359,"[-0.6468058824539185, 0.005443301983177662]",1,-1.0,False,False,-33.7718
1,360,"[-0.640459418296814, 0.006346458103507757]",1,-1.0,False,False,-33.1028
1,361,"[-0.63325434923172, 0.007205069065093994]",1,-1.0,False,False,-32.4271
1,362,"[-0.6242416501045227, 0.009012732654809952]",2,-1.0,False,False,-31.7445
1,363,"[-0.614485502243042, 0.009756137616932392]",1,-1.0,False,False,-31.0551
1,364,"[-0.6030561327934265, 0.011429373174905777]",2,-1.0,False,False,-30.3587
1,365,"[-0.5910364389419556, 0.01201967615634203]",1,-1.0,False,False,-29.6552
1,366,"[-0.5785144567489624, 0.01252201572060585]",1,-1.0,False,False,-28.9447
1,367,"[-0.5655823945999146, 0.012932022102177143]",1,-1.0,False,False,-28.2269
1,368,"[-0.5513363480567932, 0.01424606703221798]",2,-1.0,False,False,-27.502
1,369,"[-0.5368824601173401, 0.014453859068453312]",1,-1.0,False,False,-26.7697
1,370,"[-0.5213290452957153, 0.015553460456430912]",2,-1.0,False,False,-26.03
1,371,"[-0.5067926049232483, 0.014536437578499317]",0,-1.0,False,False,-25.2828
1,372,"[-0.4913821518421173, 0.01541044469922781]",2,-1.0,False,False,-24.5281
1,373,"[-0.4752129316329956, 0.016169195994734764]",2,-1.0,False,False,-23.7657
1,374,"[-0.45840537548065186, 0.016807574778795242]",2,-1.0,False,False,-22.9957
1,375,"[-0.4410836398601532, 0.017321735620498657]",2,-1.0,False,False,-22.2179
1,376,"[-0.4233744442462921, 0.017709173262119293]",2,-1.0,False,False,-21.4322
1,377,"[-0.4064056873321533, 0.01696876622736454]",1,-1.0,False,False,-20.6386
1,378,"[-0.38929787278175354, 0.01710781268775463]",2,-1.0,False,False,-19.8369
1,379,"[-0.3721702992916107, 0.017127588391304016]",2,-1.0,False,False,-19.0272
1,380,"[-0.35513976216316223, 0.017030537128448486]",2,-1.0,False,False,-18.2093
1,381,"[-0.3393195569515228, 0.01582019403576851]",1,-1.0,False,False,-17.3831
1,382,"[-0.32581213116645813, 0.013507433235645294]",0,-1.0,False,False,-16.5486
1,383,"[-0.31270256638526917, 0.013109558261930943]",2,-1.0,False,False,-15.7057
1,384,"[-0.3000712990760803, 0.012631271034479141]",2,-1.0,False,False,-14.8542
1,385,"[-0.2879936397075653, 0.012077664956450462]",2,-1.0,False,False,-13.9942
1,386,"[-0.27753952145576477, 0.010454125702381134]",1,-1.0,False,False,-13.1254
1,387,"[-0.26976773142814636, 0.007771773263812065]",0,-1.0,False,False,-12.2479
1,388,"[-0.2627209722995758, 0.007046765647828579]",2,-1.0,False,False,-11.3615
1,389,"[-0.2574370801448822, 0.005283893086016178]",1,-1.0,False,False,-10.4662
1,390,"[-0.25494393706321716, 0.0024931435473263264]",0,-1.0,False,False,-9.5618
1,391,"[-0.2552545368671417, -0.0003106036165263504]",0,-1.0,False,False,-8.6483
1,392,"[-0.2563672661781311, -0.0011127368779852986]",2,-1.0,False,False,-7.7255
1,393,"[-0.26027634739875793, -0.003909076098352671]",0,-1.0,False,False,-6.7935
1,394,"[-0.2669612467288971, -0.006684901658445597]",0,-1.0,False,False,-5.852
1,395,"[-0.27438634634017944, -0.0074250828474760056]",2,-1.0,False,False,-4.901
1,396,"[-0.2835111916065216, -0.00912485271692276]",1,-1.0,False,False,-3.9404
1,397,"[-0.29328498244285583, -0.009773808531463146]",2,-1.0,False,False,-2.9701
1,398,"[-0.30465197563171387, -0.011366966180503368]",1,-1.0,False,False,-1.99
1,399,"[-0.3165454566478729, -0.01189350988715887]",2,-1.0,False,True,-1.0
2,400,"[-0.4299856126308441, -0.0017051846953108907]",0,-1.0,False,False,-86.602
2,401,"[-0.4323836863040924, -0.0023980906698852777]",1,-1.0,False,False,-86.4667
2,402,"[-0.434457391500473, -0.0020736977458000183]",2,-1.0,False,False,-86.33
2,403,"[-0.4371916949748993, -0.002734317909926176]",1,-1.0,False,False,-86.1919
2,404,"[-0.43956685066223145, -0.0023751375265419483]",2,-1.0,False,False,-86.0524
2,405,"[-0.44256556034088135, -0.002998722717165947]",1,-1.0,False,False,-85.9116
2,406,"[-0.44516608119010925, -0.0026005033869296312]",2,-1.0,False,False,-85.7693
2,407,"[-0.4473493993282318, -0.0021833356004208326]",2,-1.0,False,False,-85.6255
2,408,"[-0.4510996341705322, -0.003750231582671404]",0,-1.0,False,False,-85.4803
2,409,"[-0.45638933777809143, -0.005289698485285044]",0,-1.0,False,False,-85.3336
2,410,"[-0.4611797034740448, -0.004790360573679209]",2,-1.0,False,False,-85.1855
2,411,"[-0.46743547916412354, -0.006255772430449724]",0,-1.0,False,False,-85.0359
2,412,"[-0.47311046719551086, -0.005675007123500109]",2,-1.0,False,False,-84.8847
2,413,"[-0.48016270995140076, -0.007052223198115826]",0,-1.0,False,False,-84.732
2,414,"[-0.48753976821899414, -0.00737707270309329]",1,-1.0,False,False,-84.5778
2,415,"[-0.4951867461204529, -0.007646988146007061]",1,-1.0,False,False,-84.422
2,416,"[-0.5030465722084045, -0.007859820500016212]",1,-1.0,False,False,-84.2647
2,417,"[-0.5120604634284973, -0.00901386421173811]",0,-1.0,False,False,-84.1057
2,418,"[-0.5211608409881592, -0.009100384078919888]",1,-1.0,False,False,-83.9452
2,419,"[-0.5292794704437256, -0.00811866857111454]",2,-1.0,False,False,-83.783
2,420,"[-0.5363555550575256, -0.007076065521687269]",2,-1.0,False,False,-83.6192
2,421,"[-0.5443359613418579, -0.007980412803590298]",0,-1.0,False,False,-83.4537
2,422,"[-0.5521609783172607, -0.00782498437911272]",1,-1.0,False,False,-83.2866
2,423,"[-0.5587719678878784, -0.006611029617488384]",2,-1.0,False,False,-83.1178
2,424,"[-0.5641196966171265, -0.005347719881683588]",2,-1.0,False,False,-82.9473
2,425,"[-0.5691642761230469, -0.005044560879468918]",1,-1.0,False,False,-82.775
2,426,"[-0.5728681683540344, -0.0037038829177618027]",2,-1.0,False,False,-82.601
2,427,"[-0.5772038698196411, -0.00433570658788085]",0,-1.0,False,False,-82.4253
2,428,"[-0.582139253616333, -0.004935399163514376]",0,-1.0,False,False,-82.2477
2,429,"[-0.5866378545761108, -0.004498599097132683]",1,-1.0,False,False,-82.0684
2,430,"[-0.589666485786438, -0.0030286191031336784]",2,-1.0,False,False,-81.8873
2,431,"[-0.5922028422355652, -0.002536349231377244]",1,-1.0,False,False,-81.7043
2,432,"[-0.593228280544281, -0.0010254437802359462]",2,-1.0,False,False,-81.5195
2,433,"[-0.5947352647781372, -0.0015070120571181178]",0,-1.0,False,False,-81.3329
2,434,"[-0.5947127938270569, 2.2471196643891744e-05]",2,-1.0,False,False,-81.1443
2,435,"[-0.5931610465049744, 0.0015517896972596645]",2,-1.0,False,False,-80.9539
2,436,"[-0.5900912880897522, 0.0030697279144078493]",2,-1.0,False,False,-80.7615
2,437,"[-0.5875261425971985, 0.0025651210453361273]",0,-1.0,False,False,-80.5671
2,438,"[-0.5844845175743103, 0.003041642950847745]",1,-1.0,False,False,-80.3708
2,439,"[-0.5819887518882751, 0.002495751017704606]",0,-1.0,False,False,-80.1726
2,440,"[-0.5780573487281799, 0.003931439947336912]",2,-1.0,False,False,-79.9723
2,441,"[-0.5737192630767822, 0.004338064696639776]",1,-1.0,False,False,-79.77
2,442,"[-0.5690067410469055, 0.004712553694844246]",1,-1.0,False,False,-79.5657
2,443,"[-0.5629546642303467, 0.006052060984075069]",2,-1.0,False,False,-79.3592
2,444,"[-0.5576081275939941, 0.005346544552594423]",0,-1.0,False,False,-79.1508
2,445,"[-0.5510069131851196, 0.006601172499358654]",2,-1.0,False,False,-78.9402
2,446,"[-0.5452004671096802, 0.00580650195479393]",0,-1.0,False,False,-78.7274
2,447,"[-0.5382320284843445, 0.006968400906771421]",2,-1.0,False,False,-78.5126
2,448,"[-0.5301539301872253, 0.008078115060925484]",2,-1.0,False,False,-78.2955
2,449,"[-0.5210266709327698, 0.00912727601826191]",2,-1.0,False,False,-78.0763
2,450,"[-0.5119186639785767, 0.009107984602451324]",1,-1.0,False,False,-77.8548
2,451,"[-0.5018982887268066, 0.010020402260124683]",2,-1.0,False,False,-77.6311
2,452,"[-0.4930405020713806, 0.00885776337236166]",0,-1.0,False,False,-77.4052
2,453,"[-0.48341161012649536, 0.009628896601498127]",2,-1.0,False,False,-77.177
2,454,"[-0.4740833640098572, 0.009328222833573818]",1,-1.0,False,False,-76.9464
2,455,"[-0.46612516045570374, 0.00795822124928236]",0,-1.0,False,False,-76.7136
2,456,"[-0.45959585905075073, 0.00652930187061429]",0,-1.0,False,False,-76.4783
2,457,"[-0.45254361629486084, 0.0070522241294384]",2,-1.0,False,False,-76.2407
2,458,"[-0.4470202922821045, 0.00552333751693368]",0,-1.0,False,False,-76.0008
2,459,"[-0.4420662522315979, 0.004954037256538868]",1,-1.0,False,False,-75.7583
2,460,"[-0.4367176294326782, 0.005348622798919678]",2,-1.0,False,False,-75.5135
2,461,"[-0.43301326036453247, 0.003704366972669959]",0,-1.0,False,False,-75.2661
2,462,"[-0.4289799630641937, 0.004033307079225779]",2,-1.0,False,False,-75.0163
2,463,"[-0.42464679479599, 0.004333157557994127]",2,-1.0,False,False,-74.7639
2,464,"[-0.4210449159145355, 0.0036018698010593653]",1,-1.0,False,False,-74.509
2,465,"[-0.4192001521587372, 0.0018447928596287966]",0,-1.0,False,False,-74.2515
2,466,"[-0.41912558674812317, 7.454119622707367e-05]",0,-1.0,False,False,-73.9915
2,467,"[-0.4188218414783478, 0.0003037577262148261]",2,-1.0,False,False,-73.7287
2,468,"[-0.41929101943969727, -0.0004691926296800375]",1,-1.0,False,False,-73.4634
2,469,"[-0.4215298295021057, -0.0022387956269085407]",0,-1.0,False,False,-73.1953
2,470,"[-0.4235222339630127, -0.0019924058578908443]",2,-1.0,False,False,-72.9246
2,471,"[-0.4252539873123169, -0.001731754862703383]",2,-1.0,False,False,-72.6511
2,472,"[-0.4287126660346985, -0.003458686638623476]",0,-1.0,False,False,-72.3748
2,473,"[-0.4318734407424927, -0.0031607605051249266]",2,-1.0,False,False,-72.0958
2,474,"[-0.4347134828567505, -0.0028400514274835587]",2,-1.0,False,False,-71.8139
2,475,"[-0.4382123053073883, -0.003498818725347519]",1,-1.0,False,False,-71.5292
2,476,"[-0.4413445293903351, -0.0031322366558015347]",2,-1.0,False,False,-71.2416
2,477,"[-0.4450874328613281, -0.0037429016083478928]",1,-1.0,False,False,-70.9512
2,478,"[-0.44841375946998596, -0.0033263072837144136]",2,-1.0,False,False,-70.6577
2,479,"[-0.45229917764663696, -0.0038854258600622416]",1,-1.0,False,False,-70.3613
2,480,"[-0.45571526885032654, -0.0034161044750362635]",2,-1.0,False,False,-70.062
2,481,"[-0.458636999130249, -0.0029217188712209463]",2,-1.0,False,False,-69.7596
2,482,"[-0.46304285526275635, -0.004405853804200888]",0,-1.0,False,False,-69.4541
2,483,"[-0.46690037846565247, -0.003857529256492853]",2,-1.0,False,False,-69.1456
2,484,"[-0.472181111574173, -0.005280719604343176]",0,-1.0,False,False,-68.8339
2,485,"[-0.476845920085907, -0.0046648248098790646]",2,-1.0,False,False,-68.5191
2,486,"[-0.4828602373600006, -0.006014322396367788]",0,-1.0,False,False,-68.2011
2,487,"[-0.48817935585975647, -0.005319101270288229]",2,-1.0,False,False,-67.8799
2,488,"[-0.49376359581947327, -0.005584247410297394]",1,-1.0,False,False,-67.5554
2,489,"[-0.4995713233947754, -0.00580771267414093]",1,-1.0,False,False,-67.2277
2,490,"[-0.5055590867996216, -0.005987762473523617]",1,-1.0,False,False,-66.8967
2,491,"[-0.5106820464134216, -0.005122994538396597]",2,-1.0,False,False,-66.5623
2,492,"[-0.5149019360542297, -0.004219845402985811]",2,-1.0,False,False,-66.2246
2,493,"[-0.5181869864463806, -0.003285064361989498]",2,-1.0,False,False,-65.8834
2,494,"[-0.5225126147270203, -0.0043256510980427265]",0,-1.0,False,False,-65.5388
2,495,"[-0.5278464555740356, -0.005333797074854374]",0,-1.0,False,False,-65.1907
2,496,"[-0.5331483483314514, -0.005301940720528364]",1,-1.0,False,False,-64.8391
2,497,"[-0.5383787155151367, -0.005230328533798456]",1,-1.0,False,False,-64.4839
2,498,"[-0.5424982309341431, -0.004119515419006348]",2,-1.0,False,False,-64.1252
2,499,"[-0.5464760661125183, -0.003977845888584852]",1,-1.0,False,False,-63.7628
2,500,"[-0.5512824654579163, -0.004806400742381811]",0,-1.0,False,False,-63.3968
2,501,"[-0.5548814535140991, -0.003599011804908514]",2,-1.0,False,False,-63.027
2,502,"[-0.5582461953163147, -0.003364735748618841]",1,-1.0,False,False,-62.6536
2,503,"[-0.560351550579071, -0.002105347579345107]",2,-1.0,False,False,-62.2763
2,504,"[-0.5611817836761475, -0.000830259989015758]",2,-1.0,False,False,-61.8953
2,505,"[-0.5617308020591736, -0.0005489840405061841]",1,-1.0,False,False,-61.5104
2,506,"[-0.5609943866729736, 0.0007363827317021787]",2,-1.0,False,False,-61.1216
2,507,"[-0.5609781742095947, 1.6262087228824385e-05]",0,-1.0,False,False,-60.7289
2,508,"[-0.5606821179389954, 0.0002960202400572598]",1,-1.0,False,False,-60.3322
2,509,"[-0.5611085891723633, -0.00042642795597203076]",0,-1.0,False,False,-59.9315
2,510,"[-0.5622542500495911, -0.0011456978973001242]",0,-1.0,False,False,-59.5268
2,511,"[-0.5641106963157654, -0.001856431132182479]",0,-1.0,False,False,-59.118
2,512,"[-0.5666640400886536, -0.002553339349105954]",0,-1.0,False,False,-58.705
2,513,"[-0.5698952674865723, -0.003231247654184699]",0,-1.0,False,False,-58.2879
2,514,"[-0.5717804431915283, -0.001885139150545001]",2,-1.0,False,False,-57.8666
2,515,"[-0.5743054747581482, -0.0025250338949263096]",0,-1.0,False,False,-57.441
2,516,"[-0.5764516592025757, -0.0021461988799273968]",1,-1.0,False,False,-57.0111
2,517,"[-0.577203094959259, -0.0007514611934311688]",2,-1.0,False,False,-56.5769
2,518,"[-0.5765542387962341, 0.0006488407379947603]",2,-1.0,False,False,-56.1382
2,519,"[-0.576509952545166, 4.433839421835728e-05]",0,-1.0,False,False,-55.6952
2,520,"[-0.5760704278945923, 0.0004395076830405742]",1,-1.0,False,False,-55.2477
2,521,"[-0.5742390155792236, 0.0018314217450097203]",2,-1.0,False,False,-54.7956
2,522,"[-0.5710292458534241, 0.003209764137864113]",2,-1.0,False,False,-54.339
2,523,"[-0.5664649605751038, 0.004564293660223484]",2,-1.0,False,False,-53.8778
2,524,"[-0.5605800151824951, 0.0058849044144153595]",2,-1.0,False,False,-53.4119
2,525,"[-0.5554183721542358, 0.005161695182323456]",0,-1.0,False,False,-52.9413
2,526,"[-0.5510183572769165, 0.0043999794870615005]",0,-1.0,False,False,-52.466
2,527,"[-0.5454129576683044, 0.0056053949519991875]",2,-1.0,False,False,-51.9859
2,528,"[-0.5396440625190735, 0.005768884439021349]",1,-1.0,False,False,-51.5009
2,529,"[-0.5347549319267273, 0.0048891776241362095]",0,-1.0,False,False,-51.011
2,530,"[-0.528782069683075, 0.005972832906991243]",2,-1.0,False,False,-50.5161
2,531,"[-0.5237703919410706, 0.00501170614734292]",0,-1.0,False,False,-50.0163
2,532,"[-0.5187574028968811, 0.005012993235141039]",1,-1.0,False,False,-49.5114
2,533,"[-0.5147807002067566, 0.003976684063673019]",0,-1.0,False,False,-49.0014
2,534,"[-0.5118701457977295, 0.002910556038841605]",0,-1.0,False,False,-48.4863
2,535,"[-0.5090475082397461, 0.0028226093854755163]",1,-1.0,False,False,-47.9659
2,536,"[-0.5063340067863464, 0.002713509602472186]",1,-1.0,False,False,-47.4404
2,537,"[-0.5047499537467957, 0.0015840819105505943]",0,-1.0,False,False,-46.9094
2,538,"[-0.502307116985321, 0.0024427908938378096]",2,-1.0,False,False,-46.3732
2,539,"[-0.5010239481925964, 0.0012832122156396508]",0,-1.0,False,False,-45.8315
2,540,"[-0.4989098906517029, 0.002114030299708247]",2,-1.0,False,False,-45.2843
2,541,"[-0.49798086285591125, 0.0009290329180657864]",0,-1.0,False,False,-44.7317
2,542,"[-0.4972437918186188, 0.0007370876846835017]",1,-1.0,False,False,-44.1734
2,543,"[-0.49570414423942566, 0.0015396311646327376]",2,-1.0,False,False,-43.6095
2,544,"[-0.4953734874725342, 0.0003306654980406165]",0,-1.0,False,False,-43.0399
2,545,"[-0.4962542653083801, -0.000880771316587925]",0,-1.0,False,False,-42.4645
2,546,"[-0.4983398914337158, -0.0020856251940131187]",0,-1.0,False,False,-41.8834
2,547,"[-0.5006147623062134, -0.0022748857736587524]",1,-1.0,False,False,-41.2963
2,548,"[-0.5040618777275085, -0.0034471293911337852]",0,-1.0,False,False,-40.7034
2,549,"[-0.5066554546356201, -0.0025935720186680555]",2,-1.0,False,False,-40.1044
2,550,"[-0.5083760619163513, -0.0017205921467393637]",2,-1.0,False,False,-39.4994
2,551,"[-0.5112107992172241, -0.002834722865372896]",0,-1.0,False,False,-38.8883
2,552,"[-0.5151383876800537, -0.003927611280232668]",0,-1.0,False,False,-38.271
2,553,"[-0.5191294550895691, -0.003991057630628347]",1,-1.0,False,False,-37.6475
2,554,"[-0.5231540203094482, -0.004024576395750046]",1,-1.0,False,False,-37.0176
2,555,"[-0.5271819233894348, -0.004027911927551031]",1,-1.0,False,False,-36.3815
2,556,"[-0.5311830043792725, -0.0040010386146605015]",1,-1.0,False,False,-35.7388
2,557,"[-0.5361271500587463, -0.004944161977618933]",0,-1.0,False,False,-35.0897
2,558,"[-0.5399773716926575, -0.003850221633911133]",2,-1.0,False,False,-34.4341
2,559,"[-0.544704794883728, -0.004727431572973728]",0,-1.0,False,False,-33.7718
2,560,"[-0.5492740273475647, -0.004569242242723703]",1,-1.0,False,False,-33.1028
2,561,"[-0.5536509156227112, -0.00437686825171113]",1,-1.0,False,False,-32.4271
2,562,"[-0.5568026900291443, -0.0031517823226749897]",2,-1.0,False,False,-31.7445
2,563,"[-0.560705840587616, -0.0039031647611409426]",0,-1.0,False,False,-31.0551
2,564,"[-0.5633313059806824, -0.002625436056405306]",2,-1.0,False,False,-30.3587
2,565,"[-0.5656594634056091, -0.0023281474132090807]",1,-1.0,False,False,-29.6552
2,566,"[-0.5676729679107666, -0.0020135289523750544]",1,-1.0,False,False,-28.9447
2,567,"[-0.5683568716049194, -0.0006839348934590816]",2,-1.0,False,False,-28.2269
2,568,"[-0.5677061676979065, 0.000650743255391717]",2,-1.0,False,False,-27.502
2,569,"[-0.5677255988121033, -1.9415934730204754e-05]",0,-1.0,False,False,-26.7697
2,570,"[-0.5674149990081787, 0.000310569244902581]",1,-1.0,False,False,-26.03
2,571,"[-0.5657767653465271, 0.0016382454195991158]",2,-1.0,False,False,-25.2828
2,572,"[-0.5648230314254761, 0.0009537367732264102]",0,-1.0,False,False,-24.5281
2,573,"[-0.5635609030723572, 0.0012621310306712985]",1,-1.0,False,False,-23.7657
2,574,"[-0.5619997382164001, 0.0015611294656991959]",1,-1.0,False,False,-22.9957
2,575,"[-0.5591512322425842, 0.0028485001530498266]",2,-1.0,False,False,-22.2179
2,576,"[-0.5570366382598877, 0.002114638453349471]",0,-1.0,False,False,-21.4322
2,577,"[-0.5556716322898865, 0.0013650020118802786]",0,-1.0,False,False,-20.6386
2,578,"[-0.5540664196014404, 0.0016051772981882095]",1,-1.0,False,False,-19.8369
2,579,"[-0.5512330532073975, 0.002833366859704256]",2,-1.0,False,False,-19.0272
2,580,"[-0.5471926927566528, 0.004040386527776718]",2,-1.0,False,False,-18.2093
2,581,"[-0.5429754853248596, 0.004217193461954594]",1,-1.0,False,False,-17.3831
2,582,"[-0.5386130809783936, 0.004362436942756176]",1,-1.0,False,False,-16.5486
2,583,"[-0.5351380705833435, 0.0034750059712678194]",0,-1.0,False,False,-15.7057
2,584,"[-0.5305765271186829, 0.004561533220112324]",2,-1.0,False,False,-14.8542
2,585,"[-0.5259626507759094, 0.004613862372934818]",1,-1.0,False,False,-13.9942
2,586,"[-0.520331084728241, 0.005631591193377972]",2,-1.0,False,False,-13.1254
2,587,"[-0.5137239694595337, 0.006607084069401026]",2,-1.0,False,False,-12.2479
2,588,"[-0.5071909427642822, 0.0065330336801707745]",1,-1.0,False,False,-11.3615
2,589,"[-0.49978092312812805, 0.007410024758428335]",2,-1.0,False,False,-10.4662
2,590,"[-0.49154937267303467, 0.008231543004512787]",2,-1.0,False,False,-9.5618
2,591,"[-0.4845578372478485, 0.006991542410105467]",0,-1.0,False,False,-8.6483
2,592,"[-0.47785842418670654, 0.006699404213577509]",1,-1.0,False,False,-7.7255
2,593,"[-0.47050100564956665, 0.007357427384704351]",2,-1.0,False,False,-6.7935
2,594,"[-0.46454012393951416, 0.0059608761221170425]",0,-1.0,False,False,-5.852
2,595,"[-0.46001988649368286, 0.004520250018686056]",0,-1.0,False,False,-4.901
2,596,"[-0.4559735953807831, 0.004046294372528791]",1,-1.0,False,False,-3.9404
2,597,"[-0.451431006193161, 0.004542577546089888]",2,-1.0,False,False,-2.9701
2,598,"[-0.4484254717826843, 0.0030055376701056957]",0,-1.0,False,False,-1.99
2,599,"[-0.44697895646095276, 0.0014465049607679248]",0,-1.0,False,True,-1.0
3,600,"[-0.4619966149330139, -0.0014702251646667719]",0,-1.0,False,False,-86.602
3,601,"[-0.46492624282836914, -0.0029296160209923983]",0,-1.0,False,False,-86.4667
3,602,"[-0.46929362416267395, -0.004367391113191843]",0,-1.0,False,False,-86.33
3,603,"[-0.473066508769989, -0.0037728806491941214]",2,-1.0,False,False,-86.1919
3,604,"[-0.4762169420719147, -0.003150422591716051]",2,-1.0,False,False,-86.0524
3,605,"[-0.4787215292453766, -0.0025045908987522125]",2,-1.0,False,False,-85.9116
3,606,"[-0.48156166076660156, -0.0028401545714586973]",1,-1.0,False,False,-85.7693
3,607,"[-0.48371627926826477, -0.002154597779735923]",2,-1.0,False,False,-85.6255
3,608,"[-0.4871692657470703, -0.003453003242611885]",0,-1.0,False,False,-85.4803
3,609,"[-0.48989495635032654, -0.0027256810571998358]",2,-1.0,False,False,-85.3336
3,610,"[-0.49187299609184265, -0.001978029264137149]",2,-1.0,False,False,-85.1855
3,611,"[-0.4940885901451111, -0.002215613378211856]",1,-1.0,False,False,-85.0359
3,612,"[-0.49752524495124817, -0.003436650848016143]",0,-1.0,False,False,-84.8847
3,613,"[-0.5021572709083557, -0.0046320026740431786]",0,-1.0,False,False,-84.732
3,614,"[-0.5059499740600586, -0.0037927033845335245]",2,-1.0,False,False,-84.5778
3,615,"[-0.5108749866485596, -0.0049250079318881035]",0,-1.0,False,False,-84.422
3,616,"[-0.5168953537940979, -0.0060204132460057735]",0,-1.0,False,False,-84.2647
3,617,"[-0.5229660868644714, -0.0060706851072609425]",1,-1.0,False,False,-84.1057
3,618,"[-0.5290414690971375, -0.006075430661439896]",1,-1.0,False,False,-83.9452
3,619,"[-0.5350760817527771, -0.006034612189978361]",1,-1.0,False,False,-83.783
3,620,"[-0.5410246253013611, -0.005948549136519432]",1,-1.0,False,False,-83.6192
3,621,"[-0.5458425879478455, -0.004817914683371782]",2,-1.0,False,False,-83.4537
3,622,"[-0.5504937767982483, -0.004651209805160761]",1,-1.0,False,False,-83.2866
3,623,"[-0.5549435019493103, -0.0044497158378362656]",1,-1.0,False,False,-83.1178
3,624,"[-0.559158444404602, -0.004214976914227009]",1,-1.0,False,False,-82.9473
3,625,"[-0.562107264995575, -0.0029487847350537777]",2,-1.0,False,False,-82.775
3,626,"[-0.5637678503990173, -0.0016606132267042994]",2,-1.0,False,False,-82.601
3,627,"[-0.5641279220581055, -0.0003600736381486058]",2,-1.0,False,False,-82.4253
3,628,"[-0.5651847720146179, -0.0010568533325567842]",0,-1.0,False,False,-82.2477
3,629,"[-0.5669305920600891, -0.0017457666108384728]",0,-1.0,False,False,-82.0684
3,630,"[-0.5693522691726685, -0.0024216927122324705]",0,-1.0,False,False,-81.8873
3,631,"[-0.5724318623542786, -0.0030796180944889784]",0,-1.0,False,False,-81.7043
3,632,"[-0.5761465430259705, -0.0037146785762161016]",0,-1.0,False,False,-81.5195
3,633,"[-0.5794687271118164, -0.0033222006168216467]",1,-1.0,False,False,-81.3329
3,634,"[-0.5813738703727722, -0.001905134879052639]",2,-1.0,False,False,-81.1443
3,635,"[-0.5818478465080261, -0.0004739878640975803]",2,-1.0,False,False,-80.9539
3,636,"[-0.5828872323036194, -0.0010393396951258183]",0,-1.0,False,False,-80.7615
3,637,"[-0.5844842195510864, -0.0015970171662047505]",0,-1.0,False,False,-80.5671
3,638,"[-0.5856271386146545, -0.0011429112637415528]",1,-1.0,False,False,-80.3708
3,639,"[-0.5853075385093689, 0.0003196213219780475]",2,-1.0,False,False,-80.1726
3,640,"[-0.5835277438163757, 0.0017797978362068534]",2,-1.0,False,False,-79.9723
3,641,"[-0.5803008675575256, 0.0032268476206809282]",2,-1.0,False,False,-79.77
3,642,"[-0.577650785446167, 0.0026500653475522995]",0,-1.0,False,False,-79.5657
3,643,"[-0.5755971074104309, 0.002053681295365095]",0,-1.0,False,False,-79.3592
3,644,"[-0.5731550455093384, 0.002442089142277837]",1,-1.0,False,False,-79.1508
3,645,"[-0.5693426728248596, 0.0038123936392366886]",2,-1.0,False,False,-78.9402
3,646,"[-0.5661882758140564, 0.003154396777972579]",0,-1.0,False,False,-78.7274
3,647,"[-0.561715304851532, 0.004472949542105198]",2,-1.0,False,False,-78.5126
3,648,"[-0.5559570789337158, 0.0057582007721066475]",2,-1.0,False,False,-78.2955
3,649,"[-0.5509566068649292, 0.0050005074590444565]",0,-1.0,False,False,-78.0763
3,650,"[-0.5447511076927185, 0.006205460522323847]",2,-1.0,False,False,-77.8548
3,651,"[-0.53838711977005, 0.006363996770232916]",1,-1.0,False,False,-77.6311
3,652,"[-0.5309122800827026, 0.007474873214960098]",2,-1.0,False,False,-77.4052
3,653,"[-0.5233825445175171, 0.007529720198363066]",1,-1.0,False,False,-77.177
3,654,"[-0.5148544311523438, 0.008528098464012146]",2,-1.0,False,False,-76.9464
3,655,"[-0.5063919425010681, 0.008462523110210896]",1,-1.0,False,False,-76.7136
3,656,"[-0.49905839562416077, 0.007333529181778431]",0,-1.0,False,False,-76.4783
3,657,"[-0.4929087460041046, 0.006149642635136843]",0,-1.0,False,False,-76.2407
3,658,"[-0.48698896169662476, 0.005919792223721743]",1,-1.0,False,False,-76.0008
3,659,"[-0.48034319281578064, 0.006645770277827978]",2,-1.0,False,False,-75.7583
3,660,"[-0.4750209152698517, 0.0053222631104290485]",0,-1.0,False,False,-75.5135
3,661,"[-0.47106170654296875, 0.003959217574447393]",0,-1.0,False,False,-75.2661
3,662,"[-0.46849489212036133, 0.0025668188463896513]",0,-1.0,False,False,-75.0163
3,663,"[-0.4673394560813904, 0.0011554195079952478]",0,-1.0,False,False,-74.7639
3,664,"[-0.4656039774417877, 0.0017354751471430063]",2,-1.0,False,False,-74.509
3,665,"[-0.46430128812789917, 0.001302705379202962]",1,-1.0,False,False,-74.2515
3,666,"[-0.4644409716129303, -0.00013968389248475432]",0,-1.0,False,False,-73.9915
3,667,"[-0.4660220146179199, -0.0015810419572517276]",0,-1.0,False,False,-73.7287
3,668,"[-0.46803274750709534, -0.002010723575949669]",1,-1.0,False,False,-73.4634
3,669,"[-0.4704582691192627, -0.002425541402772069]",1,-1.0,False,False,-73.1953
3,670,"[-0.4732806980609894, -0.002822409151121974]",1,-1.0,False,False,-72.9246
3,671,"[-0.47647905349731445, -0.003198363119736314]",1,-1.0,False,False,-72.6511
3,672,"[-0.4800296425819397, -0.0035505853593349457]",1,-1.0,False,False,-72.3748
3,673,"[-0.48490604758262634, -0.004876424092799425]",0,-1.0,False,False,-72.0958
3,674,"[-0.4900720417499542, -0.005165968555957079]",1,-1.0,False,False,-71.8139
3,675,"[-0.496489018201828, -0.006416995078325272]",0,-1.0,False,False,-71.5292
3,676,"[-0.5031090974807739, -0.006620094180107117]",1,-1.0,False,False,-71.2416
3,677,"[-0.5098828077316284, -0.006773669738322496]",1,-1.0,False,False,-70.9512
3,678,"[-0.515759289264679, -0.0058765108697116375]",2,-1.0,False,False,-70.6577
3,679,"[-0.5206946134567261, -0.004935301374644041]",2,-1.0,False,False,-70.3613
3,680,"[-0.5256516933441162, -0.0049570826813578606]",1,-1.0,False,False,-70.062
3,681,"[-0.5295933485031128, -0.003941685892641544]",2,-1.0,False,False,-69.7596
3,682,"[-0.532490074634552, -0.002896728925406933]",2,-1.0,False,False,-69.4541
3,683,"[-0.5353201627731323, -0.0028300518169999123]",1,-1.0,False,False,-69.1456
3,684,"[-0.5370622873306274, -0.001742159598506987]",2,-1.0,False,False,-68.8339
3,685,"[-0.5397035479545593, -0.002641210565343499]",0,-1.0,False,False,-68.5191
3,686,"[-0.5412240028381348, -0.001520471996627748]",2,-1.0,False,False,-68.2011
3,687,"[-0.5436123609542847, -0.0023883443791419268]",0,-1.0,False,False,-67.8799
3,688,"[-0.5458506941795349, -0.0022383329924196005]",1,-1.0,False,False,-67.5554
3,689,"[-0.5479222536087036, -0.002071567578241229]",1,-1.0,False,False,-67.2277
3,690,"[-0.5498115420341492, -0.0018893035594373941]",1,-1.0,False,False,-66.8967
3,691,"[-0.5515044331550598, -0.001692910329438746]",1,-1.0,False,False,-66.5623
3,692,"[-0.5529882907867432, -0.0014838621718809009]",1,-1.0,False,False,-66.2246
3,693,"[-0.5532520413398743, -0.00026372616412118077]",2,-1.0,False,False,-65.8834
3,694,"[-0.5542936325073242, -0.0010416199220344424]",0,-1.0,False,False,-65.5388
3,695,"[-0.556105375289917, -0.0018117334693670273]",0,-1.0,False,False,-65.1907
3,696,"[-0.5576736927032471, -0.0015683200908824801]",1,-1.0,False,False,-64.8391
3,697,"[-0.5599868893623352, -0.0023132029455155134]",0,-1.0,False,False,-64.4839
3,698,"[-0.5610277652740479, -0.0010408336529508233]",2,-1.0,False,False,-64.1252
3,699,"[-0.5607884526252747, 0.00023929412418510765]",2,-1.0,False,False,-63.7628
3,700,"[-0.5592707991600037, 0.0015176384476944804]",2,-1.0,False,False,-63.3968
3,701,"[-0.5564861297607422, 0.0027846684679389]",2,-1.0,False,False,-63.027
3,702,"[-0.5534552335739136, 0.0030309236608445644]",1,-1.0,False,False,-62.6536
3,703,"[-0.5492006540298462, 0.004254547879099846]",2,-1.0,False,False,-62.2763
3,704,"[-0.5457543134689331, 0.003446373390033841]",0,-1.0,False,False,-61.8953
3,705,"[-0.5431419014930725, 0.0026124173309653997]",0,-1.0,False,False,-61.5104
3,706,"[-0.540382981300354, 0.002758906688541174]",1,-1.0,False,False,-61.1216
3,707,"[-0.5384982228279114, 0.0018847350729629397]",0,-1.0,False,False,-60.7289
3,708,"[-0.5375018119812012, 0.000996443908661604]",0,-1.0,False,False,-60.3322
3,709,"[-0.5354011058807373, 0.0021006863098591566]",2,-1.0,False,False,-59.9315
3,710,"[-0.5332119464874268, 0.002189185470342636]",1,-1.0,False,False,-59.5268
3,711,"[-0.530950665473938, 0.00226127402856946]",1,-1.0,False,False,-59.118
3,712,"[-0.5296342372894287, 0.0013164086267352104]",0,-1.0,False,False,-58.705
3,713,"[-0.5282725691795349, 0.0013616721844300628]",1,-1.0,False,False,-58.2879
3,714,"[-0.5258758664131165, 0.0023967246524989605]",2,-1.0,False,False,-57.8666
3,715,"[-0.5244620442390442, 0.0014138024998828769]",0,-1.0,False,False,-57.441
3,716,"[-0.5230417847633362, 0.0014202769380062819]",1,-1.0,False,False,-57.0111
3,717,"[-0.5216256976127625, 0.0014160994905978441]",1,-1.0,False,False,-56.5769
3,718,"[-0.5192243456840515, 0.002401301171630621]",2,-1.0,False,False,-56.1382
3,719,"[-0.5178558826446533, 0.0013684941222891212]",0,-1.0,False,False,-55.6952
3,720,"[-0.5155304670333862, 0.0023254244588315487]",2,-1.0,False,False,-55.2477
3,721,"[-0.5132655501365662, 0.0022649180609732866]",1,-1.0,False,False,-54.7956
3,722,"[-0.5120781064033508, 0.001187431043945253]",0,-1.0,False,False,-54.339
3,723,"[-0.5119770765304565, 0.00010104318062076345]",0,-1.0,False,False,-53.8778
3,724,"[-0.5119631886482239, 1.389795488648815e-05]",1,-1.0,False,False,-53.4119
3,725,"[-0.5130364894866943, -0.0010733514791354537]",0,-1.0,False,False,-52.9413
3,726,"[-0.5151890516281128, -0.0021525551564991474]",0,-1.0,False,False,-52.466
3,727,"[-0.5174046754837036, -0.00221562129445374]",1,-1.0,False,False,-51.9859
3,728,"[-0.520666778087616, -0.0032620741985738277]",0,-1.0,False,False,-51.5009
3,729,"[-0.5229508280754089, -0.0022840641904622316]",2,-1.0,False,False,-51.011
3,730,"[-0.5242397785186768, -0.001288923784159124]",2,-1.0,False,False,-50.5161
3,731,"[-0.5265238881111145, -0.00228411634452641]",0,-1.0,False,False,-50.0163
3,732,"[-0.5297860503196716, -0.0032621785067021847]",0,-1.0,False,False,-49.5114
3,733,"[-0.5330018401145935, -0.0032157767564058304]",1,-1.0,False,False,-49.0014
3,734,"[-0.5361470580101013, -0.003145263297483325]",1,-1.0,False,False,-48.4863
3,735,"[-0.5381982326507568, -0.002051173010841012]",2,-1.0,False,False,-47.9659
3,736,"[-0.539139986038208, -0.0009417120018042624]",2,-1.0,False,False,-47.4404
3,737,"[-0.5389651656150818, 0.00017480473616160452]",2,-1.0,False,False,-46.9094
3,738,"[-0.5386751294136047, 0.0002900118415709585]",1,-1.0,False,False,-46.3732
3,739,"[-0.539272129535675, -0.0005969538469798863]",0,-1.0,False,False,-45.8315
3,740,"[-0.540751576423645, -0.0014794472372159362]",0,-1.0,False,False,-45.2843
3,741,"[-0.5431023836135864, -0.0023508581798523664]",0,-1.0,False,False,-44.7317
3,742,"[-0.5443070530891418, -0.0012046643532812595]",2,-1.0,False,False,-44.1734
3,743,"[-0.5453565120697021, -0.0010494518792256713]",1,-1.0,False,False,-43.6095
3,744,"[-0.5472429394721985, -0.0018863846780732274]",0,-1.0,False,False,-43.0399
3,745,"[-0.5489521026611328, -0.00170920230448246]",1,-1.0,False,False,-42.4645
3,746,"[-0.5504713654518127, -0.0015192355494946241]",1,-1.0,False,False,-41.8834
3,747,"[-0.5517892837524414, -0.0013179094530642033]",1,-1.0,False,False,-41.2963
3,748,"[-0.5518959760665894, -0.00010673275392036885]",2,-1.0,False,False,-40.7034
3,749,"[-0.5527907609939575, -0.0008947584428824484]",0,-1.0,False,False,-40.1044
3,750,"[-0.552466869354248, 0.0003239016223233193]",2,-1.0,False,False,-39.4994
3,751,"[-0.550926685333252, 0.0015401416458189487]",2,-1.0,False,False,-38.8883
3,752,"[-0.5481818318367004, 0.0027448716573417187]",2,-1.0,False,False,-38.271
3,753,"[-0.5442527532577515, 0.0039290776476264]",2,-1.0,False,False,-37.6475
3,754,"[-0.5411688685417175, 0.0030838833190500736]",0,-1.0,False,False,-37.0176
3,755,"[-0.5389533042907715, 0.0022155980113893747]",0,-1.0,False,False,-36.3815
3,756,"[-0.5356225371360779, 0.0033307159319519997]",2,-1.0,False,False,-35.7388
3,757,"[-0.5332016944885254, 0.0024208747781813145]",0,-1.0,False,False,-35.0897
3,758,"[-0.5297088027000427, 0.0034928866662085056]",2,-1.0,False,False,-34.4341
3,759,"[-0.5271700620651245, 0.0025387094356119633]",0,-1.0,False,False,-33.7718
3,760,"[-0.5236045718193054, 0.0035654937382787466]",2,-1.0,False,False,-33.1028
3,761,"[-0.5210390686988831, 0.0025655373465269804]",0,-1.0,False,False,-32.4271
3,762,"[-0.5194927453994751, 0.0015463397139683366]",0,-1.0,False,False,-31.7445
3,763,"[-0.5169771909713745, 0.0025155451148748398]",2,-1.0,False,False,-31.0551
3,764,"[-0.5145112872123718, 0.0024658862967044115]",1,-1.0,False,False,-30.3587
3,765,"[-0.5121135711669922, 0.002397738629952073]",1,-1.0,False,False,-29.6552
3,766,"[-0.5088019371032715, 0.0033116163685917854]",2,-1.0,False,False,-28.9447
3,767,"[-0.5056012272834778, 0.0032006765250116587]",1,-1.0,False,False,-28.2269
3,768,"[-0.5035355091094971, 0.0020657607819885015]",0,-1.0,False,False,-27.502
3,769,"[-0.5026201009750366, 0.0009153769933618605]",0,-1.0,False,False,-26.7697
3,770,"[-0.5028619766235352, -0.00024185905931517482]",0,-1.0,False,False,-26.03
3,771,"[-0.5022592544555664, 0.0006027152412571013]",2,-1.0,False,False,-25.2828
3,772,"[-0.5028164982795715, -0.0005572217633016407]",0,-1.0,False,False,-24.5281
3,773,"[-0.502529501914978, 0.0002870119933504611]",2,-1.0,False,False,-23.7657
3,774,"[-0.5034003853797913, -0.000870902556926012]",0,-1.0,False,False,-22.9957
3,775,"[-0.504422664642334, -0.001022297888994217]",1,-1.0,False,False,-22.2179
3,776,"[-0.5045887231826782, -0.00016603934636805207]",2,-1.0,False,False,-21.4322
3,777,"[-0.5048972368240356, -0.00030853753560222685]",1,-1.0,False,False,-20.6386
3,778,"[-0.5063459873199463, -0.0014487254666164517]",0,-1.0,False,False,-19.8369
3,779,"[-0.5079240202903748, -0.001578063704073429]",1,-1.0,False,False,-19.0272
3,780,"[-0.5096195936203003, -0.0016955808969214559]",1,-1.0,False,False,-18.2093
3,781,"[-0.510420024394989, -0.0008003938128240407]",2,-1.0,False,False,-17.3831
3,782,"[-0.5103192329406738, 0.00010079125058837235]",2,-1.0,False,False,-16.5486
3,783,"[-0.511318027973175, -0.0009987790836021304]",0,-1.0,False,False,-15.7057
3,784,"[-0.5134088397026062, -0.0020908641163259745]",0,-1.0,False,False,-14.8542
3,785,"[-0.5165761709213257, -0.0031672765035182238]",0,-1.0,False,False,-13.9942
3,786,"[-0.5197960734367371, -0.0032199423294514418]",1,-1.0,False,False,-13.1254
3,787,"[-0.5230445265769958, -0.003248461987823248]",1,-1.0,False,False,-12.2479
3,788,"[-0.5262971520423889, -0.003252618480473757]",1,-1.0,False,False,-11.3615
3,789,"[-0.5295295715332031, -0.0032323808409273624]",1,-1.0,False,False,-10.4662
3,790,"[-0.5327174663543701, -0.0031879025045782328]",1,-1.0,False,False,-9.5618
3,791,"[-0.5358369946479797, -0.003119520843029022]",1,-1.0,False,False,-8.6483
3,792,"[-0.5388647317886353, -0.003027755068615079]",1,-1.0,False,False,-7.7255
3,793,"[-0.5407780408859253, -0.0019133004825562239]",2,-1.0,False,False,-6.7935
3,794,"[-0.5425625443458557, -0.0017845132388174534]",1,-1.0,False,False,-5.852
3,795,"[-0.5452048778533936, -0.002642361680045724]",0,-1.0,False,False,-4.901
3,796,"[-0.5486853122711182, -0.003480429295450449]",0,-1.0,False,False,-3.9404
3,797,"[-0.5509777665138245, -0.00229245750233531]",2,-1.0,False,False,-2.9701
3,798,"[-0.5520651340484619, -0.0010873458813875914]",2,-1.0,False,False,-1.99
3,799,"[-0.5539392232894897, -0.0018741076346486807]",0,-1.0,False,True,-1.0
4,800,"[-0.58073490858078, 0.00042960027349181473]",1,-1.0,False,False,-86.602
4,801,"[-0.5808789134025574, -0.00014397386985365301]",0,-1.0,False,False,-86.4667
4,802,"[-0.5805953741073608, 0.00028351592482067645]",1,-1.0,False,False,-86.33
4,803,"[-0.5798864960670471, 0.0007089105201885104]",1,-1.0,False,False,-86.1919
4,804,"[-0.5777574181556702, 0.0021290648728609085]",2,-1.0,False,False,-86.0524
4,805,"[-0.5762239694595337, 0.0015334698837250471]",0,-1.0,False,False,-85.9116
4,806,"[-0.5742974281311035, 0.001926521072164178]",1,-1.0,False,False,-85.7693
4,807,"[-0.5719920992851257, 0.0023052964825183153]",1,-1.0,False,False,-85.6255
4,808,"[-0.5683251619338989, 0.0036669729743152857]",2,-1.0,False,False,-85.4803
4,809,"[-0.5653237104415894, 0.0030014151707291603]",0,-1.0,False,False,-85.3336
4,810,"[-0.5630102157592773, 0.0023135358933359385]",0,-1.0,False,False,-85.1855
4,811,"[-0.5594017505645752, 0.003608433296903968]",2,-1.0,False,False,-85.0359
4,812,"[-0.5545253157615662, 0.004876439925283194]",2,-1.0,False,False,-84.8847
4,813,"[-0.54941725730896, 0.005108056124299765]",1,-1.0,False,False,-84.732
4,814,"[-0.5441157817840576, 0.005301501601934433]",1,-1.0,False,False,-84.5778
4,815,"[-0.5396605134010315, 0.004455281887203455]",0,-1.0,False,False,-84.422
4,816,"[-0.536084771156311, 0.0035756980068981647]",0,-1.0,False,False,-84.2647
4,817,"[-0.5314154624938965, 0.004669321235269308]",2,-1.0,False,False,-84.1057
4,818,"[-0.526687502861023, 0.004727941006422043]",1,-1.0,False,False,-83.9452
4,819,"[-0.5209364295005798, 0.005751106422394514]",2,-1.0,False,False,-83.783
4,820,"[-0.5152052640914917, 0.005731138866394758]",1,-1.0,False,False,-83.6192
4,821,"[-0.5095371007919312, 0.0056681944988667965]",1,-1.0,False,False,-83.4537
4,822,"[-0.5029743313789368, 0.0065627628937363625]",2,-1.0,False,False,-83.2866
4,823,"[-0.49556615948677063, 0.00740817841142416]",2,-1.0,False,False,-83.1178
4,824,"[-0.4893679618835449, 0.006198181305080652]",0,-1.0,False,False,-82.9473
4,825,"[-0.48242607712745667, 0.006941901054233313]",2,-1.0,False,False,-82.775
4,826,"[-0.4747921824455261, 0.007633890490978956]",2,-1.0,False,False,-82.601
4,827,"[-0.46652302145957947, 0.00826914794743061]",2,-1.0,False,False,-82.4253
4,828,"[-0.4576798677444458, 0.008843167684972286]",2,-1.0,False,False,-82.2477
4,829,"[-0.4483278691768646, 0.009351992048323154]",2,-1.0,False,False,-82.0684
4,830,"[-0.44053563475608826, 0.00779224606230855]",0,-1.0,False,False,-81.8873
4,831,"[-0.43335992097854614, 0.007175699807703495]",1,-1.0,False,False,-81.7043
4,832,"[-0.42585277557373047, 0.0075071449391543865]",2,-1.0,False,False,-81.5195
4,833,"[-0.41906827688217163, 0.006784510798752308]",1,-1.0,False,False,-81.3329
4,834,"[-0.41205495595932007, 0.007013318594545126]",2,-1.0,False,False,-81.1443
4,835,"[-0.4058626890182495, 0.006192265544086695]",1,-1.0,False,False,-80.9539
4,836,"[-0.3995351791381836, 0.006327491253614426]",2,-1.0,False,False,-80.7615
4,837,"[-0.39311683177948, 0.006418348290026188]",2,-1.0,False,False,-80.5671
4,838,"[-0.3886522948741913, 0.004464535508304834]",0,-1.0,False,False,-80.3708
4,839,"[-0.38617244362831116, 0.0024798575323075056]",0,-1.0,False,False,-80.1726
4,840,"[-0.38569432497024536, 0.0004781114694196731]",0,-1.0,False,False,-79.9723
4,841,"[-0.38722124695777893, -0.00152691884431988]",0,-1.0,False,False,-79.77
4,842,"[-0.3907427191734314, -0.0035214528907090425]",0,-1.0,False,False,-79.5657
4,843,"[-0.3952344059944153, -0.004491700790822506]",1,-1.0,False,False,-79.3592
4,844,"[-0.40166521072387695, -0.006430814508348703]",0,-1.0,False,False,-79.1508
4,845,"[-0.4079902768135071, -0.006325057242065668]",2,-1.0,False,False,-78.9402
4,846,"[-0.41416510939598083, -0.006174842361360788]",2,-1.0,False,False,-78.7274
4,847,"[-0.42014604806900024, -0.005980930291116238]",2,-1.0,False,False,-78.5126
4,848,"[-0.42689049243927, -0.0067444294691085815]",1,-1.0,False,False,-78.2955
4,849,"[-0.4343501031398773, -0.007459609303623438]",1,-1.0,False,False,-78.0763
4,850,"[-0.4414710998535156, -0.0071210055612027645]",2,-1.0,False,False,-77.8548
4,851,"[-0.44820183515548706, -0.006730749737471342]",2,-1.0,False,False,-77.6311
4,852,"[-0.4564932584762573, -0.008291417732834816]",0,-1.0,False,False,-77.4052
4,853,"[-0.4662845730781555, -0.009791315533220768]",0,-1.0,False,False,-77.177
4,854,"[-0.4755036532878876, -0.009219057857990265]",2,-1.0,False,False,-76.9464
4,855,"[-0.48508214950561523, -0.009578520432114601]",1,-1.0,False,False,-76.7136
4,856,"[-0.4959489107131958, -0.010866752825677395]",0,-1.0,False,False,-76.4783
4,857,"[-0.5080227851867676, -0.012073889374732971]",0,-1.0,False,False,-76.2407
4,858,"[-0.5212134718894958, -0.01319066621363163]",0,-1.0,False,False,-76.0008
4,859,"[-0.5354220271110535, -0.014208556152880192]",0,-1.0,False,False,-75.7583
4,860,"[-0.5505419373512268, -0.015119899995625019]",0,-1.0,False,False,-75.5135
4,861,"[-0.5644599795341492, -0.013918046839535236]",2,-1.0,False,False,-75.2661
4,862,"[-0.5790722966194153, -0.014612354338169098]",0,-1.0,False,False,-75.0163
4,863,"[-0.59227055311203, -0.01319822110235691]",2,-1.0,False,False,-74.7639
4,864,"[-0.6049573421478271, -0.012686817906796932]",1,-1.0,False,False,-74.509
4,865,"[-0.6170400381088257, -0.012082668952643871]",1,-1.0,False,False,-74.2515
4,866,"[-0.6284310221672058, -0.011391001753509045]",1,-1.0,False,False,-73.9915
4,867,"[-0.6400486826896667, -0.011617656797170639]",0,-1.0,False,False,-73.7287
4,868,"[-0.6518106460571289, -0.011761940084397793]",0,-1.0,False,False,-73.4634
4,869,"[-0.6636345386505127, -0.011823887005448341]",0,-1.0,False,False,-73.1953
4,870,"[-0.6744387745857239, -0.010804240591824055]",1,-1.0,False,False,-72.9246
4,871,"[-0.6841499209403992, -0.009711157530546188]",1,-1.0,False,False,-72.6511
4,872,"[-0.6917029619216919, -0.007553044706583023]",2,-1.0,False,False,-72.3748
4,873,"[-0.6980479955673218, -0.006345030386000872]",1,-1.0,False,False,-72.0958
4,874,"[-0.7031435966491699, -0.005095574073493481]",1,-1.0,False,False,-71.8139
4,875,"[-0.7069567441940308, -0.003813163610175252]",1,-1.0,False,False,-71.5292
4,876,"[-0.7094630002975464, -0.0025062882341444492]",1,-1.0,False,False,-71.2416
4,877,"[-0.709646463394165, -0.00018342547991778702]",2,-1.0,False,False,-70.9512
4,878,"[-0.7085058689117432, 0.0011406043777242303]",1,-1.0,False,False,-70.6577
4,879,"[-0.7060484886169434, 0.0024573702830821276]",1,-1.0,False,False,-70.3613
4,880,"[-0.7012900114059448, 0.0047584339044988155]",2,-1.0,False,False,-70.062
4,881,"[-0.6962611675262451, 0.005028891377151012]",0,-1.0,False,False,-69.7596
4,882,"[-0.6909944415092468, 0.0052667222917079926]",0,-1.0,False,False,-69.4541
4,883,"[-0.6845243573188782, 0.006470080930739641]",1,-1.0,False,False,-69.1456
4,884,"[-0.6778936386108398, 0.006630681920796633]",0,-1.0,False,False,-68.8339
4,885,"[-0.6711466312408447, 0.006747009698301554]",0,-1.0,False,False,-68.5191
4,886,"[-0.6643288135528564, 0.006817833986133337]",0,-1.0,False,False,-68.2011
4,887,"[-0.6554865837097168, 0.008842232637107372]",2,-1.0,False,False,-67.8799
4,888,"[-0.6456807851791382, 0.00980578362941742]",1,-1.0,False,False,-67.5554
4,889,"[-0.6339797377586365, 0.011701066046953201]",2,-1.0,False,False,-67.2277
4,890,"[-0.6224658489227295, 0.011513875797390938]",0,-1.0,False,False,-66.8967
4,891,"[-0.6112213134765625, 0.011244555003941059]",0,-1.0,False,False,-66.5623
4,892,"[-0.6003271341323853, 0.010894181206822395]",0,-1.0,False,False,-66.2246
4,893,"[-0.5888625383377075, 0.011464575305581093]",1,-1.0,False,False,-65.8834
4,894,"[-0.5759116411209106, 0.01295093260705471]",2,-1.0,False,False,-65.5388
4,895,"[-0.563569962978363, 0.01234167069196701]",0,-1.0,False,False,-65.1907
4,896,"[-0.5499292016029358, 0.013640736229717731]",2,-1.0,False,False,-64.8391
4,897,"[-0.5360912084579468, 0.013838008977472782]",1,-1.0,False,False,-64.4839
4,898,"[-0.5231595039367676, 0.01293168030679226]",0,-1.0,False,False,-64.1252
4,899,"[-0.5112311244010925, 0.011928386054933071]",0,-1.0,False,False,-63.7628
4,900,"[-0.5003954768180847, 0.010835650376975536]",0,-1.0,False,False,-63.3968
4,901,"[-0.4897337257862091, 0.010661765933036804]",1,-1.0,False,False,-63.027
4,902,"[-0.4793255031108856, 0.010408214293420315]",1,-1.0,False,False,-62.6536
4,903,"[-0.47024837136268616, 0.009077140130102634]",0,-1.0,False,False,-62.2763
4,904,"[-0.4625696539878845, 0.00767871830612421]",0,-1.0,False,False,-61.8953
4,905,"[-0.4563460946083069, 0.006223552860319614]",0,-1.0,False,False,-61.5104
4,906,"[-0.4516235291957855, 0.004722572863101959]",0,-1.0,False,False,-61.1216
4,907,"[-0.4474365711212158, 0.004186943173408508]",1,-1.0,False,False,-60.7289
4,908,"[-0.44481590390205383, 0.0026206839829683304]",0,-1.0,False,False,-60.3322
4,909,"[-0.44278058409690857, 0.002035298151895404]",1,-1.0,False,False,-59.9315
4,910,"[-0.4413455128669739, 0.001435082871466875]",1,-1.0,False,False,-59.5268
4,911,"[-0.4415210783481598, -0.00017557514365762472]",0,-1.0,False,False,-59.118
4,912,"[-0.443306028842926, -0.001784956082701683]",0,-1.0,False,False,-58.705
4,913,"[-0.4446873962879181, -0.0013813450932502747]",2,-1.0,False,False,-58.2879
4,914,"[-0.4466550648212433, -0.0019676678348332644]",1,-1.0,False,False,-57.8666
4,915,"[-0.45019468665122986, -0.0035396346356719732]",0,-1.0,False,False,-57.441
4,916,"[-0.45328041911125183, -0.0030857266392558813]",2,-1.0,False,False,-57.0111
4,917,"[-0.45688962936401367, -0.003609211416915059]",1,-1.0,False,False,-56.5769
4,918,"[-0.46199581027030945, -0.005106197204440832]",0,-1.0,False,False,-56.1382
4,919,"[-0.4665614068508148, -0.004565593786537647]",2,-1.0,False,False,-55.6952
4,920,"[-0.4705527126789093, -0.003991289529949427]",2,-1.0,False,False,-55.2477
4,921,"[-0.47494015097618103, -0.0043874578550457954]",1,-1.0,False,False,-54.7956
4,922,"[-0.4796912670135498, -0.0047511025331914425]",1,-1.0,False,False,-54.339
4,923,"[-0.48577073216438293, -0.006079457700252533]",0,-1.0,False,False,-53.8778
4,924,"[-0.49113327264785767, -0.005362559109926224]",2,-1.0,False,False,-53.4119
4,925,"[-0.4967389404773712, -0.005605665501207113]",1,-1.0,False,False,-52.9413
4,926,"[-0.5035458207130432, -0.006806896533817053]",0,-1.0,False,False,-52.466
4,927,"[-0.5115030407905579, -0.00795720238238573]",0,-1.0,False,False,-51.9859
4,928,"[-0.5195509195327759, -0.008047901093959808]",1,-1.0,False,False,-51.5009
4,929,"[-0.5266292095184326, -0.007078258786350489]",2,-1.0,False,False,-51.011
4,930,"[-0.5326847434043884, -0.006055530626326799]",2,-1.0,False,False,-50.5161
4,931,"[-0.538672149181366, -0.005987394601106644]",1,-1.0,False,False,-50.0163
4,932,"[-0.5445465445518494, -0.005874382797628641]",1,-1.0,False,False,-49.5114
4,933,"[-0.5502638816833496, -0.005717378109693527]",1,-1.0,False,False,-49.0014
4,934,"[-0.5557814836502075, -0.005517602898180485]",1,-1.0,False,False,-48.4863
4,935,"[-0.5620580911636353, -0.006276607513427734]",0,-1.0,False,False,-47.9659
4,936,"[-0.5690469145774841, -0.006988801993429661]",0,-1.0,False,False,-47.4404
4,937,"[-0.5766959190368652, -0.007648996077477932]",0,-1.0,False,False,-46.9094
4,938,"[-0.5849483609199524, -0.008252449333667755]",0,-1.0,False,False,-46.3732
4,939,"[-0.5927432775497437, -0.007794921286404133]",1,-1.0,False,False,-45.8315
4,940,"[-0.6000233292579651, -0.007280048448592424]",1,-1.0,False,False,-45.2843
4,941,"[-0.605735182762146, -0.005711872596293688]",2,-1.0,False,False,-44.7317
4,942,"[-0.6118372678756714, -0.006102064624428749]",0,-1.0,False,False,-44.1734
4,943,"[-0.6162852644920349, -0.004447977989912033]",2,-1.0,False,False,-43.6095
4,944,"[-0.6210470199584961, -0.004761752672493458]",0,-1.0,False,False,-43.0399
4,945,"[-0.6260882616043091, -0.005041257478296757]",0,-1.0,False,False,-42.4645
4,946,"[-0.6293728947639465, -0.003284640610218048]",2,-1.0,False,False,-41.8834
4,947,"[-0.6328774690628052, -0.003504581283777952]",0,-1.0,False,False,-41.2963
4,948,"[-0.6345770359039307, -0.0016995935002341866]",2,-1.0,False,False,-40.7034
4,949,"[-0.6354596018791199, -0.0008825481636449695]",1,-1.0,False,False,-40.1044
4,950,"[-0.6345188617706299, 0.0009407499455846846]",2,-1.0,False,False,-39.4994
4,951,"[-0.633761465549469, 0.0007573827169835567]",0,-1.0,False,False,-38.8883
4,952,"[-0.6311928629875183, 0.002568644704297185]",2,-1.0,False,False,-38.271
4,953,"[-0.6268311738967896, 0.004361660219728947]",2,-1.0,False,False,-37.6475
4,954,"[-0.6207075715065002, 0.006123586092144251]",2,-1.0,False,False,-37.0176
4,955,"[-0.6138659715652466, 0.006841643713414669]",1,-1.0,False,False,-36.3815
4,956,"[-0.6053555607795715, 0.008510403335094452]",2,-1.0,False,False,-35.7388
4,957,"[-0.5972380638122559, 0.008117449469864368]",0,-1.0,False,False,-35.0897
4,958,"[-0.5885728001594543, 0.008665262721478939]",1,-1.0,False,False,-34.4341
4,959,"[-0.5804233551025391, 0.008149487897753716]",0,-1.0,False,False,-33.7718
4,960,"[-0.5708497166633606, 0.009573611430823803]",2,-1.0,False,False,-33.1028
4,961,"[-0.5599229335784912, 0.010926807299256325]",2,-1.0,False,False,-32.4271
4,962,"[-0.5497242212295532, 0.010198700241744518]",0,-1.0,False,False,-31.7445
4,963,"[-0.5403297543525696, 0.009394439868628979]",0,-1.0,False,False,-31.0551
4,964,"[-0.5308099389076233, 0.009519870392978191]",1,-1.0,False,False,-30.3587
4,965,"[-0.5222359895706177, 0.008573949337005615]",0,-1.0,False,False,-29.6552
4,966,"[-0.5146722197532654, 0.0075637283734977245]",0,-1.0,False,False,-28.9447
4,967,"[-0.5061754584312439, 0.008496787399053574]",2,-1.0,False,False,-28.2269
4,968,"[-0.4978092610836029, 0.008366172201931477]",1,-1.0,False,False,-27.502
4,969,"[-0.4896363317966461, 0.008172943256795406]",1,-1.0,False,False,-26.7697
4,970,"[-0.48071765899658203, 0.00891866534948349]",2,-1.0,False,False,-26.03
4,971,"[-0.47311973571777344, 0.007597943767905235]",0,-1.0,False,False,-25.2828
4,972,"[-0.46589893102645874, 0.007220796309411526]",1,-1.0,False,False,-24.5281
4,973,"[-0.45910871028900146, 0.006790204904973507]",1,-1.0,False,False,-23.7657
4,974,"[-0.4527991712093353, 0.006309541407972574]",1,-1.0,False,False,-22.9957
4,975,"[-0.4460166394710541, 0.0067825280129909515]",2,-1.0,False,False,-22.2179
4,976,"[-0.4408107399940491, 0.005205901339650154]",0,-1.0,False,False,-21.4322
4,977,"[-0.43721938133239746, 0.003591354703530669]",0,-1.0,False,False,-20.6386
4,978,"[-0.433268666267395, 0.00395073601976037]",2,-1.0,False,False,-19.8369
4,979,"[-0.42898714542388916, 0.004281521309167147]",2,-1.0,False,False,-19.0272
4,980,"[-0.4244057238101959, 0.0045814234763383865]",2,-1.0,False,False,-18.2093
4,981,"[-0.42055732011795044, 0.0038484069518744946]",1,-1.0,False,False,-17.3831
4,982,"[-0.41846945881843567, 0.0020878452342003584]",0,-1.0,False,False,-16.5486
4,983,"[-0.416157066822052, 0.00231238198466599]",2,-1.0,False,False,-15.7057
4,984,"[-0.4156366288661957, 0.0005204500630497932]",0,-1.0,False,False,-14.8542
4,985,"[-0.41491180658340454, 0.0007248167530633509]",2,-1.0,False,False,-13.9942
4,986,"[-0.41398778557777405, 0.000924031890463084]",2,-1.0,False,False,-13.1254
4,987,"[-0.41487109661102295, -0.0008833149913698435]",0,-1.0,False,False,-12.2479
4,988,"[-0.41755548119544983, -0.002684389241039753]",0,-1.0,False,False,-11.3615
4,989,"[-0.4200218617916107, -0.002466366160660982]",2,-1.0,False,False,-10.4662
4,990,"[-0.42425259947776794, -0.00423075258731842]",0,-1.0,False,False,-9.5618
4,991,"[-0.42821747064590454, -0.003964866977185011]",2,-1.0,False,False,-8.6483
4,992,"[-0.4328879714012146, -0.004670504480600357]",1,-1.0,False,False,-7.7255
4,993,"[-0.43923044204711914, -0.006342469248920679]",0,-1.0,False,False,-6.7935
4,994,"[-0.4471989572048187, -0.007968497462570667]",0,-1.0,False,False,-5.852
4,995,"[-0.455735445022583, -0.008536492474377155]",1,-1.0,False,False,-4.901
4,996,"[-0.4657773971557617, -0.010041958652436733]",0,-1.0,False,False,-3.9404
4,997,"[-0.4762508273124695, -0.010473447851836681]",1,-1.0,False,False,-2.9701
4,998,"[-0.4870782196521759, -0.010827364400029182]",1,-1.0,False,False,-1.99
4,999,"[-0.4981789290904999, -0.01110072061419487]",1,-1.0,False,True,-1.0
